DROP TABLE IF EXISTS children CASCADE;
DROP TABLE IF EXISTS wish_lists CASCADE;
DROP TABLE IF EXISTS toy_catalogue CASCADE;

CREATE TABLE children (
  child_id INT PRIMARY KEY,
  name VARCHAR(100),
  age INT
);
CREATE TABLE wish_lists (
    list_id INT PRIMARY KEY,
    child_id INT,
    wishes JSON,
    submitted_date DATE
);
CREATE TABLE toy_catalogue (
    toy_id INT PRIMARY KEY,
    toy_name VARCHAR(100),
    category VARCHAR(50),
    difficulty_to_make INT
);

INSERT INTO children VALUES
(1, 'Elinor', 10),
(2, 'Yoshiko', 9),
(3, 'Alta', 14),
(4, 'Evalyn', 5),
(5, 'Sim', 10),
(6, 'Johan', 14),
(7, 'Webster', 9),
(8, 'Natasha', 7),
(9, 'Jed', 13),
(10, 'Nikki', 13),
(11, 'Tara', 7),
(12, 'Rosa', 13),
(13, 'Glenda', 1),
(14, 'Robin', 11),
(15, 'Margarette', 7),
(16, 'Vallie', 11),
(17, 'Stanton', 9),
(18, 'Kennedi', 3),
(19, 'Adrianna', 9),
(20, 'Hayden', 10),
(21, 'Mireille', 9),
(22, 'Fleta', 11),
(23, 'Brandi', 13),
(24, 'Anahi', 2),
(25, 'Gilbert', 5),
(26, 'Mariana', 3),
(27, 'Adaline', 13),
(28, 'Nathanial', 6),
(29, 'Cleveland', 14),
(30, 'Megane', 12),
(31, 'Carole', 14),
(32, 'Keenan', 13),
(33, 'Trey', 15),
(34, 'Broderick', 8),
(35, 'Josephine', 10),
(36, 'Shea', 8),
(37, 'Dandre', 8),
(38, 'Hope', 1),
(39, 'Jarret', 9),
(40, 'Tom', 2),
(41, 'Sigurd', 6),
(42, 'Marlee', 13),
(43, 'Judah', 15),
(44, 'Marianne', 5),
(45, 'Lance', 2),
(46, 'Roel', 9),
(47, 'Johnson', 10),
(48, 'Callie', 11),
(49, 'Vanessa', 4),
(50, 'Yazmin', 14),
(51, 'Lorenza', 4),
(52, 'Cayla', 5),
(53, 'Pierce', 1),
(54, 'Breanne', 7),
(55, 'Shanna', 14),
(56, 'Immanuel', 3),
(57, 'Steve', 2),
(58, 'Adelbert', 11),
(59, 'Charity', 3),
(60, 'Bailee', 2),
(61, 'Angus', 1),
(62, 'Jarrett', 1),
(63, 'Alyce', 9),
(64, 'Laurine', 4),
(65, 'Kelvin', 4),
(66, 'Maeve', 9),
(67, 'Amari', 14),
(68, 'Dulce', 13),
(69, 'Helga', 4),
(70, 'Dalton', 13),
(71, 'Monique', 7),
(72, 'Minnie', 14),
(73, 'Amely', 10),
(74, 'May', 13),
(75, 'Blanca', 10),
(76, 'Karina', 13),
(77, 'Olen', 2),
(78, 'Angelita', 12),
(79, 'Maurice', 3),
(80, 'Kayla', 2),
(81, 'Jameson', 15),
(82, 'Christophe', 4),
(83, 'Landen', 1),
(84, 'Wilson', 4),
(85, 'Finn', 8),
(86, 'Yvonne', 14),
(87, 'Weston', 7),
(88, 'Chris', 9),
(89, 'Jerrell', 2),
(90, 'Unique', 14),
(91, 'Randal', 5),
(92, 'Kassandra', 7),
(93, 'Howell', 12),
(94, 'Sunny', 11),
(95, 'Cleveland', 14),
(96, 'Demetris', 8),
(97, 'Giuseppe', 12),
(98, 'Ellie', 15),
(99, 'Allison', 13),
(100, 'Palma', 8),
(101, 'Abe', 9),
(102, 'Vincenzo', 8),
(103, 'Rasheed', 11),
(104, 'Douglas', 10),
(105, 'Guy', 13),
(106, 'Elaina', 13),
(107, 'Jasmin', 6),
(108, 'Eldora', 14),
(109, 'Joelle', 8),
(110, 'Frederick', 4),
(111, 'Chet', 13),
(112, 'Jamey', 10),
(113, 'Keven', 4),
(114, 'Kurt', 6),
(115, 'Dawn', 12),
(116, 'Mariela', 7),
(117, 'Noah', 13),
(118, 'Santa', 10),
(119, 'Muriel', 2),
(120, 'Shanelle', 1),
(121, 'Loren', 8),
(122, 'Abner', 6),
(123, 'Nathen', 2),
(124, 'Marina', 6),
(125, 'Adriel', 13),
(126, 'Amy', 5),
(127, 'Jettie', 9),
(128, 'Carmel', 14),
(129, 'Milan', 2),
(130, 'Robyn', 4),
(131, 'Joyce', 11),
(132, 'Beatrice', 15),
(133, 'Marshall', 12),
(134, 'Jeremy', 4),
(135, 'Delaney', 15),
(136, 'Hermina', 11),
(137, 'Marvin', 12),
(138, 'Garfield', 3),
(139, 'Akeem', 14),
(140, 'Reuben', 8),
(141, 'August', 3),
(142, 'Dax', 14),
(143, 'Donald', 8),
(144, 'Boris', 3),
(145, 'Shanel', 3),
(146, 'Joan', 10),
(147, 'Pascale', 13),
(148, 'Kenny', 6),
(149, 'Giovanna', 4),
(150, 'Braeden', 7),
(151, 'Kavon', 3),
(152, 'Finn', 7),
(153, 'Lukas', 7),
(154, 'Jarod', 5),
(155, 'Selmer', 7),
(156, 'Cornell', 11),
(157, 'Rudolph', 10),
(158, 'Celine', 7),
(159, 'Mable', 14),
(160, 'Anastasia', 13),
(161, 'Kira', 6),
(162, 'Kirsten', 9),
(163, 'Katherine', 7),
(164, 'Tressa', 1),
(165, 'Arvel', 9),
(166, 'Faye', 2),
(167, 'Marilyne', 4),
(168, 'Pablo', 2),
(169, 'Leonie', 8),
(170, 'Jake', 1),
(171, 'Chad', 11),
(172, 'Ofelia', 12),
(173, 'Scotty', 1),
(174, 'Haleigh', 9),
(175, 'Vada', 10),
(176, 'Abraham', 15),
(177, 'Vivienne', 1),
(178, 'Maud', 8),
(179, 'Lurline', 12),
(180, 'Valentin', 11),
(181, 'Raleigh', 3),
(182, 'Vivienne', 9),
(183, 'Golda', 3),
(184, 'Barton', 14),
(185, 'Myrtice', 6),
(186, 'Noemy', 1),
(187, 'Abdullah', 7),
(188, 'Mikel', 14),
(189, 'Salvador', 2),
(190, 'Ike', 15),
(191, 'Clemens', 10),
(192, 'Mavis', 12),
(193, 'Freddy', 11),
(194, 'Giovanni', 3),
(195, 'Darryl', 9),
(196, 'Meggie', 11),
(197, 'Romaine', 9),
(198, 'Camden', 12),
(199, 'Henderson', 15),
(200, 'Ralph', 6),
(201, 'Nick', 2),
(202, 'Dewitt', 9),
(203, 'Rosendo', 12),
(204, 'Sean', 7),
(205, 'Cade', 6),
(206, 'Irma', 15),
(207, 'Gus', 3),
(208, 'Camylle', 8),
(209, 'Kole', 1),
(210, 'Viviane', 1),
(211, 'Nathaniel', 3),
(212, 'Gretchen', 8),
(213, 'Adrain', 9),
(214, 'Elise', 5),
(215, 'Mina', 10),
(216, 'Nikita', 10),
(217, 'Hobart', 6),
(218, 'Gracie', 13),
(219, 'Grover', 2),
(220, 'Kenneth', 13),
(221, 'Ashton', 10),
(222, 'Beulah', 2),
(223, 'Khalil', 6),
(224, 'Nicola', 15),
(225, 'Kenyatta', 1),
(226, 'Mollie', 7),
(227, 'Eleanora', 13),
(228, 'Timmy', 1),
(229, 'Alvis', 10),
(230, 'Jedediah', 5),
(231, 'Jazlyn', 7),
(232, 'Valentine', 4),
(233, 'Miller', 6),
(234, 'Isai', 6),
(235, 'Concepcion', 15),
(236, 'Guadalupe', 9),
(237, 'Rocio', 9),
(238, 'Twila', 7),
(239, 'Virginie', 13),
(240, 'Sheila', 9),
(241, 'Larue', 15),
(242, 'Billie', 6),
(243, 'Marjory', 11),
(244, 'Clovis', 8),
(245, 'Novella', 13),
(246, 'Torrey', 7),
(247, 'Rosalind', 14),
(248, 'Franco', 6),
(249, 'Jasen', 1),
(250, 'Vern', 4),
(251, 'Torrey', 10),
(252, 'Raven', 1),
(253, 'Maida', 11),
(254, 'Savannah', 3),
(255, 'Duane', 5),
(256, 'Dedric', 13),
(257, 'Trystan', 15),
(258, 'Javier', 1),
(259, 'Kariane', 9),
(260, 'Stefan', 5),
(261, 'Abagail', 12),
(262, 'Donna', 12),
(263, 'Carley', 12),
(264, 'Althea', 15),
(265, 'Clarissa', 12),
(266, 'Damion', 2),
(267, 'Neha', 5),
(268, 'Colleen', 2),
(269, 'Carson', 1),
(270, 'Marianna', 14),
(271, 'Abel', 4),
(272, 'Luigi', 12),
(273, 'Lavada', 15),
(274, 'Karina', 12),
(275, 'Tyra', 11),
(276, 'Chanelle', 7),
(277, 'Warren', 3),
(278, 'Marjolaine', 2),
(279, 'Noemy', 11),
(280, 'Jerrod', 6),
(281, 'Luigi', 7),
(282, 'Allison', 7),
(283, 'Tia', 2),
(284, 'Liana', 15),
(285, 'Jennings', 3),
(286, 'Elyssa', 8),
(287, 'Ofelia', 8),
(288, 'Fanny', 7),
(289, 'Ezra', 13),
(290, 'Kathryne', 6),
(291, 'Jedidiah', 8),
(292, 'Agustin', 6),
(293, 'Margarette', 15),
(294, 'Felipa', 13),
(295, 'Vallie', 2),
(296, 'Martin', 2),
(297, 'Kurtis', 8),
(298, 'Olga', 3),
(299, 'Diego', 8),
(300, 'Lew', 5),
(301, 'Stephania', 12),
(302, 'Kendall', 6),
(303, 'Aracely', 10),
(304, 'Kris', 6),
(305, 'Frederik', 12),
(306, 'Lavern', 2),
(307, 'Noble', 4),
(308, 'Karl', 3),
(309, 'Kaela', 15),
(310, 'Pauline', 8),
(311, 'Elza', 2),
(312, 'Hyman', 11),
(313, 'Toney', 12),
(314, 'Cortez', 9),
(315, 'Madyson', 3),
(316, 'Susana', 7),
(317, 'Iliana', 8),
(318, 'Richie', 1),
(319, 'Marta', 6),
(320, 'Gwendolyn', 10),
(321, 'Rylee', 13),
(322, 'Elizabeth', 3),
(323, 'Octavia', 7),
(324, 'April', 10),
(325, 'Dino', 7),
(326, 'Tabitha', 5),
(327, 'Lera', 10),
(328, 'Clemmie', 4),
(329, 'Reid', 7),
(330, 'Michelle', 1),
(331, 'Orrin', 1),
(332, 'Arnaldo', 9),
(333, 'Haylee', 9),
(334, 'Christa', 7),
(335, 'Finn', 14),
(336, 'April', 9),
(337, 'Estrella', 12),
(338, 'Felton', 14),
(339, 'Roxane', 4),
(340, 'Sigrid', 13),
(341, 'Kyler', 4),
(342, 'Terrance', 7),
(343, 'Gwen', 14),
(344, 'Camylle', 10),
(345, 'Kristoffer', 8),
(346, 'Adelbert', 1),
(347, 'Raegan', 4),
(348, 'Lelah', 3),
(349, 'Dannie', 10),
(350, 'Hermina', 5),
(351, 'Cora', 14),
(352, 'Chester', 13),
(353, 'Elton', 14),
(354, 'Guido', 7),
(355, 'Camren', 14),
(356, 'Colby', 14),
(357, 'Leopold', 11),
(358, 'Keegan', 6),
(359, 'Roger', 15),
(360, 'Jacey', 12),
(361, 'Adalberto', 14),
(362, 'Lon', 12),
(363, 'Alexane', 12),
(364, 'Jerrod', 10),
(365, 'Eladio', 6),
(366, 'Saul', 11),
(367, 'Anika', 11),
(368, 'Jamey', 4),
(369, 'Verona', 7),
(370, 'Mustafa', 15),
(371, 'Josiane', 7),
(372, 'Eliseo', 1),
(373, 'Kelton', 6),
(374, 'Margie', 15),
(375, 'Horacio', 15),
(376, 'Kailee', 14),
(377, 'Monica', 7),
(378, 'Alison', 6),
(379, 'Tomas', 8),
(380, 'Vena', 4),
(381, 'Carolanne', 11),
(382, 'Polly', 12),
(383, 'Valerie', 1),
(384, 'Brycen', 5),
(385, 'Nick', 12),
(386, 'Joy', 10),
(387, 'Alisa', 2),
(388, 'Candice', 9),
(389, 'Peter', 13),
(390, 'Joany', 12),
(391, 'Audie', 14),
(392, 'River', 11),
(393, 'Maureen', 7),
(394, 'Dariana', 10),
(395, 'Linnie', 3),
(396, 'Madalyn', 3),
(397, 'Damian', 3),
(398, 'Travon', 1),
(399, 'Jennings', 12),
(400, 'Dianna', 10),
(401, 'Kris', 14),
(402, 'Kristian', 13),
(403, 'Tyrique', 8),
(404, 'Micah', 15),
(405, 'Lonny', 4),
(406, 'Vernice', 13),
(407, 'Annamarie', 6),
(408, 'Emilia', 14),
(409, 'Buck', 1),
(410, 'Josie', 15),
(411, 'Timmothy', 10),
(412, 'Sterling', 5),
(413, 'Axel', 5),
(414, 'Oswaldo', 10),
(415, 'Abdul', 15),
(416, 'Watson', 5),
(417, 'Nella', 14),
(418, 'Ella', 13),
(419, 'Jeanie', 13),
(420, 'Javon', 14),
(421, 'Brown', 3),
(422, 'Magnolia', 6),
(423, 'Francisco', 6),
(424, 'Ansley', 12),
(425, 'Sherwood', 5),
(426, 'Nick', 6),
(427, 'Jessica', 4),
(428, 'Royal', 7),
(429, 'Allen', 6),
(430, 'Sherman', 4),
(431, 'Candido', 4),
(432, 'Tamia', 7),
(433, 'Emmanuel', 10),
(434, 'Karley', 3),
(435, 'Emilie', 2),
(436, 'Audie', 9),
(437, 'Vickie', 15),
(438, 'Abdiel', 1),
(439, 'Reese', 14),
(440, 'Casimir', 5),
(441, 'Anna', 9),
(442, 'Major', 11),
(443, 'Alison', 11),
(444, 'Maximo', 11),
(445, 'Nelda', 13),
(446, 'Skye', 9),
(447, 'Chasity', 2),
(448, 'Jany', 15),
(449, 'Sadye', 7),
(450, 'Oran', 1),
(451, 'Zola', 1),
(452, 'Maribel', 14),
(453, 'Salvatore', 11),
(454, 'Christa', 1),
(455, 'Adolf', 9),
(456, 'Reid', 10),
(457, 'Rahsaan', 6),
(458, 'Dallin', 10),
(459, 'Shania', 4),
(460, 'Ottilie', 14),
(461, 'Lupe', 10),
(462, 'Alana', 5),
(463, 'Caitlyn', 14),
(464, 'Sonya', 5),
(465, 'Madonna', 8),
(466, 'Adaline', 4),
(467, 'Devan', 15),
(468, 'Rigoberto', 8),
(469, 'Alberta', 10),
(470, 'Lou', 9),
(471, 'Jazmin', 14),
(472, 'Dusty', 6),
(473, 'Ewell', 5),
(474, 'Tina', 8),
(475, 'Queenie', 13),
(476, 'Edmund', 4),
(477, 'Lora', 4),
(478, 'Trenton', 5),
(479, 'Ross', 2),
(480, 'Abbigail', 7),
(481, 'Sabrina', 11),
(482, 'Sammy', 9),
(483, 'Tyrese', 3),
(484, 'Breanna', 1),
(485, 'Jackson', 10),
(486, 'Cloyd', 9),
(487, 'Philip', 6),
(488, 'Lindsay', 11),
(489, 'Althea', 11),
(490, 'Georgette', 2),
(491, 'Michelle', 14),
(492, 'Hosea', 3),
(493, 'Manuela', 14),
(494, 'Yvette', 5),
(495, 'Heaven', 8),
(496, 'Keara', 8),
(497, 'Monserrate', 4),
(498, 'Rosella', 13),
(499, 'Yolanda', 8),
(500, 'Laverne', 2),
(501, 'Jillian', 10),
(502, 'Jimmie', 7),
(503, 'Jess', 14),
(504, 'Sherwood', 13),
(505, 'Pete', 11),
(506, 'Celestino', 11),
(507, 'Berry', 1),
(508, 'Reanna', 14),
(509, 'Lyric', 6),
(510, 'Kailee', 8),
(511, 'Cydney', 12),
(512, 'Giovanna', 12),
(513, 'Kim', 8),
(514, 'Madilyn', 7),
(515, 'Abbey', 8),
(516, 'Alexandro', 13),
(517, 'Allen', 3),
(518, 'Jeremy', 13),
(519, 'Lloyd', 10),
(520, 'Ross', 8),
(521, 'Ceasar', 9),
(522, 'Benjamin', 6),
(523, 'Agustin', 2),
(524, 'Ophelia', 13),
(525, 'Abbey', 7),
(526, 'Jayda', 5),
(527, 'Maurice', 4),
(528, 'Emma', 6),
(529, 'Jermain', 6),
(530, 'Alessia', 15),
(531, 'Meredith', 13),
(532, 'Yvette', 3),
(533, 'Santa', 15),
(534, 'Delphine', 10),
(535, 'Willa', 10),
(536, 'Deanna', 1),
(537, 'Carley', 9),
(538, 'Cleora', 2),
(539, 'Abelardo', 9),
(540, 'Estefania', 8),
(541, 'Jessika', 15),
(542, 'Cesar', 2),
(543, 'Herminia', 8),
(544, 'Isac', 11),
(545, 'Rachelle', 1),
(546, 'Liliana', 12),
(547, 'Keely', 10),
(548, 'Wendy', 2),
(549, 'Favian', 13),
(550, 'Lucy', 15),
(551, 'Leora', 15),
(552, 'Issac', 7),
(553, 'Cicero', 10),
(554, 'Issac', 13),
(555, 'Elva', 6),
(556, 'Adelle', 2),
(557, 'Renee', 1),
(558, 'Keenan', 9),
(559, 'Filomena', 8),
(560, 'Jolie', 10),
(561, 'Delmer', 5),
(562, 'Alia', 8),
(563, 'Jordy', 12),
(564, 'Alfonzo', 15),
(565, 'Twila', 6),
(566, 'Marcelle', 9),
(567, 'Syble', 2),
(568, 'Kayleigh', 5),
(569, 'Margarete', 5),
(570, 'Ian', 3),
(571, 'Shaun', 13),
(572, 'Maudie', 11),
(573, 'Fay', 14),
(574, 'Amara', 9),
(575, 'Anya', 9),
(576, 'Karley', 9),
(577, 'Deontae', 11),
(578, 'Ruthe', 2),
(579, 'Maida', 7),
(580, 'Tressie', 6),
(581, 'Gideon', 9),
(582, 'Irwin', 1),
(583, 'Tyreek', 7),
(584, 'Rowena', 15),
(585, 'Margret', 11),
(586, 'Veda', 14),
(587, 'Ahmad', 11),
(588, 'Elissa', 13),
(589, 'Tyson', 3),
(590, 'Doug', 7),
(591, 'Kara', 12),
(592, 'Laron', 1),
(593, 'Isidro', 7),
(594, 'Macey', 15),
(595, 'Hayley', 8),
(596, 'Vita', 3),
(597, 'Alivia', 12),
(598, 'Jeramy', 7),
(599, 'Fernando', 13),
(600, 'Eli', 9),
(601, 'Adrain', 4),
(602, 'Mya', 2),
(603, 'Dorothea', 7),
(604, 'Vincenzo', 13),
(605, 'Milo', 2),
(606, 'David', 11),
(607, 'Clementina', 3),
(608, 'Heath', 4),
(609, 'Melyna', 1),
(610, 'Ralph', 8),
(611, 'Lupe', 8),
(612, 'Willow', 4),
(613, 'Adele', 12),
(614, 'Zita', 7),
(615, 'Quinn', 5),
(616, 'Emelia', 1),
(617, 'Paul', 6),
(618, 'Kariane', 5),
(619, 'Fern', 15),
(620, 'Casey', 15),
(621, 'Mina', 4),
(622, 'Sage', 4),
(623, 'Adriel', 2),
(624, 'Reyna', 8),
(625, 'Gardner', 6),
(626, 'Tiffany', 4),
(627, 'Malinda', 2),
(628, 'Garrison', 9),
(629, 'Sharon', 2),
(630, 'Curt', 6),
(631, 'Natalia', 5),
(632, 'Vella', 8),
(633, 'Jace', 1),
(634, 'Myles', 6),
(635, 'Juston', 15),
(636, 'Aniya', 4),
(637, 'Amie', 7),
(638, 'Alana', 5),
(639, 'Geo', 7),
(640, 'Loyce', 6),
(641, 'Mac', 2),
(642, 'Unique', 2),
(643, 'Hyman', 2),
(644, 'Aryanna', 11),
(645, 'Rick', 1),
(646, 'Verlie', 1),
(647, 'Conner', 11),
(648, 'Stewart', 11),
(649, 'Garrett', 8),
(650, 'Micah', 13),
(651, 'Thea', 11),
(652, 'Elnora', 9),
(653, 'Maximillian', 11),
(654, 'Ashtyn', 6),
(655, 'Kyra', 3),
(656, 'Marco', 7),
(657, 'Pete', 6),
(658, 'Edison', 9),
(659, 'Mattie', 6),
(660, 'Domenick', 15),
(661, 'Minerva', 14),
(662, 'Rigoberto', 3),
(663, 'Vicenta', 14),
(664, 'Deonte', 13),
(665, 'Della', 11),
(666, 'Imani', 2),
(667, 'Alexandro', 9),
(668, 'General', 13),
(669, 'Tyson', 2),
(670, 'Jett', 1),
(671, 'Buford', 13),
(672, 'Keyshawn', 9),
(673, 'Hallie', 4),
(674, 'Letitia', 3),
(675, 'Reynold', 10),
(676, 'Rowan', 15),
(677, 'Dallas', 6),
(678, 'Elmore', 6),
(679, 'Juston', 13),
(680, 'Holden', 1),
(681, 'Joshua', 12),
(682, 'Tressie', 13),
(683, 'Shanny', 3),
(684, 'Ambrose', 2),
(685, 'Maia', 2),
(686, 'Laila', 1),
(687, 'Zola', 10),
(688, 'Scot', 12),
(689, 'Vesta', 9),
(690, 'Kariane', 9),
(691, 'Eileen', 5),
(692, 'Jaren', 2),
(693, 'Maximo', 3),
(694, 'Candice', 2),
(695, 'Jamel', 1),
(696, 'Rollin', 4),
(697, 'Jonatan', 2),
(698, 'Kobe', 5),
(699, 'Paxton', 13),
(700, 'Dusty', 12),
(701, 'Diana', 13),
(702, 'Alvah', 13),
(703, 'Sanford', 4),
(704, 'Elta', 9),
(705, 'Murphy', 11),
(706, 'Gerry', 2),
(707, 'Arthur', 2),
(708, 'Hattie', 4),
(709, 'Jamal', 15),
(710, 'Christine', 1),
(711, 'Verlie', 11),
(712, 'Carmella', 13),
(713, 'Zane', 13),
(714, 'Nicole', 11),
(715, 'Desmond', 4),
(716, 'Marisa', 1),
(717, 'Luna', 9),
(718, 'Alessandra', 14),
(719, 'Aurelia', 14),
(720, 'Tressie', 12),
(721, 'Denis', 4),
(722, 'Ova', 11),
(723, 'Noemi', 4),
(724, 'Leora', 3),
(725, 'Wilson', 10),
(726, 'Raoul', 12),
(727, 'Martin', 7),
(728, 'Judson', 9),
(729, 'Ibrahim', 13),
(730, 'Joanne', 13),
(731, 'Aliya', 8),
(732, 'Delaney', 13),
(733, 'Marilie', 9),
(734, 'Anya', 2),
(735, 'Dessie', 4),
(736, 'Francesco', 14),
(737, 'Minnie', 15),
(738, 'Kelvin', 3),
(739, 'Destiny', 5),
(740, 'Jasmin', 6),
(741, 'Octavia', 10),
(742, 'Enid', 12),
(743, 'Anahi', 15),
(744, 'Taya', 3),
(745, 'Hilma', 13),
(746, 'Liliane', 11),
(747, 'Macie', 9),
(748, 'Margarita', 12),
(749, 'Johann', 15),
(750, 'Zion', 6),
(751, 'Tania', 8),
(752, 'Carlie', 3),
(753, 'Rasheed', 9),
(754, 'Adolf', 9),
(755, 'Neil', 12),
(756, 'Fredrick', 9),
(757, 'Myrna', 14),
(758, 'Brenden', 4),
(759, 'Nickolas', 9),
(760, 'Freeman', 11),
(761, 'Coy', 2),
(762, 'Monroe', 7),
(763, 'Emmitt', 2),
(764, 'Mae', 5),
(765, 'Colin', 14),
(766, 'Terry', 6),
(767, 'Hiram', 6),
(768, 'Natalie', 1),
(769, 'Lina', 12),
(770, 'Saige', 14),
(771, 'Myra', 11),
(772, 'Catalina', 5),
(773, 'Abdul', 14),
(774, 'Thea', 13),
(775, 'Candace', 12),
(776, 'Aurelie', 14),
(777, 'Darlene', 5),
(778, 'Amani', 3),
(779, 'Ronny', 11),
(780, 'Carter', 11),
(781, 'Myles', 13),
(782, 'Bartholome', 10),
(783, 'Austen', 10),
(784, 'Marcelo', 8),
(785, 'Myra', 13),
(786, 'Lincoln', 13),
(787, 'Libby', 1),
(788, 'Leif', 14),
(789, 'Alize', 3),
(790, 'Erick', 12),
(791, 'Ralph', 14),
(792, 'Cordia', 15),
(793, 'Leilani', 10),
(794, 'Abby', 6),
(795, 'Delpha', 7),
(796, 'Viviane', 6),
(797, 'Norberto', 10),
(798, 'Maximilian', 4),
(799, 'Wendell', 15),
(800, 'Donny', 10),
(801, 'Lloyd', 9),
(802, 'Toni', 9),
(803, 'Izaiah', 4),
(804, 'Fermin', 11),
(805, 'Bertha', 12),
(806, 'Cathy', 3),
(807, 'Francesco', 6),
(808, 'Wayne', 13),
(809, 'Zelma', 8),
(810, 'Noelia', 14),
(811, 'Martin', 12),
(812, 'Sim', 2),
(813, 'Ismael', 13),
(814, 'Casper', 10),
(815, 'Roberta', 13),
(816, 'Jocelyn', 3),
(817, 'Wilburn', 13),
(818, 'Loyal', 11),
(819, 'Gwendolyn', 4),
(820, 'Wayne', 4),
(821, 'Alyson', 4),
(822, 'Bertha', 1),
(823, 'Scotty', 8),
(824, 'Alda', 9),
(825, 'Herminia', 13),
(826, 'Macie', 4),
(827, 'Nicholaus', 12),
(828, 'Cyril', 6),
(829, 'Gerard', 9),
(830, 'Isaiah', 12),
(831, 'Gabe', 10),
(832, 'Hillard', 11),
(833, 'Corine', 13),
(834, 'Adolf', 6),
(835, 'Garett', 7),
(836, 'Reanna', 3),
(837, 'Michelle', 6),
(838, 'Levi', 8),
(839, 'Salvatore', 11),
(840, 'Andre', 14),
(841, 'Dessie', 6),
(842, 'Jonathan', 12),
(843, 'Eleanore', 1),
(844, 'Martin', 5),
(845, 'Lucy', 12),
(846, 'Dario', 3),
(847, 'Lupe', 12),
(848, 'Jaylon', 11),
(849, 'German', 3),
(850, 'Treva', 13),
(851, 'Joany', 9),
(852, 'Forrest', 13),
(853, 'King', 12),
(854, 'Emmett', 1),
(855, 'Nola', 1),
(856, 'Emelia', 15),
(857, 'Reina', 4),
(858, 'Elijah', 12),
(859, 'Kailey', 8),
(860, 'Adelbert', 6),
(861, 'Cody', 6),
(862, 'Beverly', 12),
(863, 'Bryana', 3),
(864, 'Isom', 9),
(865, 'Adelbert', 15),
(866, 'Zakary', 4),
(867, 'Merlin', 13),
(868, 'Anais', 14),
(869, 'Lilliana', 12),
(870, 'Eino', 1),
(871, 'Ashlee', 6),
(872, 'Beryl', 6),
(873, 'Ora', 14),
(874, 'Olga', 2),
(875, 'Ilene', 3),
(876, 'Angelina', 13),
(877, 'Jazlyn', 15),
(878, 'Milan', 5),
(879, 'Delpha', 15),
(880, 'Kaci', 9),
(881, 'Estelle', 15),
(882, 'Madalyn', 2),
(883, 'Mariana', 13),
(884, 'Alana', 14),
(885, 'Jabari', 3),
(886, 'Anthony', 13),
(887, 'Floyd', 10),
(888, 'Jolie', 4),
(889, 'Vivianne', 1),
(890, 'Elouise', 12),
(891, 'Montana', 10),
(892, 'Jeromy', 14),
(893, 'Loy', 6),
(894, 'Lucious', 3),
(895, 'Carmella', 10),
(896, 'Madelynn', 5),
(897, 'Berniece', 14),
(898, 'Elyssa', 1),
(899, 'Efren', 1),
(900, 'Caterina', 12),
(901, 'Julius', 4),
(902, 'Austyn', 3),
(903, 'Lew', 10),
(904, 'Lila', 7),
(905, 'Dashawn', 14),
(906, 'Gregg', 6),
(907, 'Baron', 9),
(908, 'Samanta', 13),
(909, 'Claire', 12),
(910, 'Bo', 4),
(911, 'Assunta', 8),
(912, 'Ike', 7),
(913, 'Jaunita', 2),
(914, 'Aurelia', 5),
(915, 'Alexandria', 7),
(916, 'Abigayle', 6),
(917, 'Minnie', 6),
(918, 'Johnpaul', 11),
(919, 'Isabelle', 3),
(920, 'Dale', 6),
(921, 'Anissa', 12),
(922, 'Ernie', 15),
(923, 'Sylvia', 11),
(924, 'Neoma', 4),
(925, 'Mariah', 9),
(926, 'Emanuel', 15),
(927, 'Hugh', 14),
(928, 'Amina', 2),
(929, 'Antonette', 10),
(930, 'Royce', 10),
(931, 'Jeffery', 15),
(932, 'Chance', 1),
(933, 'Matteo', 5),
(934, 'Rhiannon', 8),
(935, 'Brando', 6),
(936, 'Kamryn', 11),
(937, 'Savannah', 9),
(938, 'Trace', 8),
(939, 'Abdul', 7),
(940, 'Eulalia', 1),
(941, 'Dawn', 12),
(942, 'Osborne', 13),
(943, 'Muriel', 4),
(944, 'Sienna', 5),
(945, 'Herta', 14),
(946, 'Palma', 13),
(947, 'Hardy', 5),
(948, 'Arielle', 4),
(949, 'Frances', 2),
(950, 'Hanna', 9),
(951, 'Aubree', 7),
(952, 'Sabina', 1),
(953, 'Sadye', 15),
(954, 'Michel', 1),
(955, 'Marc', 8),
(956, 'Silas', 3),
(957, 'Akeem', 14),
(958, 'Maggie', 1),
(959, 'Mariela', 11),
(960, 'Madeline', 15),
(961, 'Angus', 2),
(962, 'Chris', 6),
(963, 'Octavia', 10),
(964, 'Sylvan', 4),
(965, 'Jerad', 5),
(966, 'Carolanne', 2),
(967, 'Yasmeen', 10),
(968, 'Erick', 6),
(969, 'Carmelo', 4),
(970, 'Fiona', 5),
(971, 'Lenna', 9),
(972, 'Kirk', 3),
(973, 'Darryl', 1),
(974, 'Stanford', 8),
(975, 'Kristoffer', 1),
(976, 'Aditya', 11),
(977, 'Katheryn', 8),
(978, 'Winnifred', 1),
(979, 'Lesley', 12),
(980, 'Loy', 15),
(981, 'Orie', 7),
(982, 'Jeanie', 3),
(983, 'Kayla', 15),
(984, 'Eusebio', 9),
(985, 'Ayden', 8),
(986, 'Casey', 3),
(987, 'Vernon', 12),
(988, 'Lucious', 11),
(989, 'Trystan', 2),
(990, 'Eladio', 6),
(991, 'Cruz', 6),
(992, 'Dannie', 1),
(993, 'Weldon', 1),
(994, 'Rashad', 3),
(995, 'Friedrich', 6),
(996, 'Filomena', 10),
(997, 'Seth', 7),
(998, 'Vaughn', 13),
(999, 'Hobart', 11),
(1000, 'Natalia', 1);

INSERT INTO wish_lists VALUES
(1, 160, '{"colors":["White","Brown","Blue"],"first_choice":"Toy kitchen sets","second_choice":"Barbie dolls"}', '2024-05-11'),
(2, 97, '{"colors":["Orange"],"first_choice":"LEGO blocks","second_choice":"Building sets"}', '2024-02-05'),
(3, 548, '{"colors":["Brown","Purple","White","Yellow","Purple"],"first_choice":"LEGO blocks","second_choice":"Toy trains"}', '2024-06-18'),
(4, 978, '{"colors":["Red","Purple"],"first_choice":"Building sets","second_choice":"Rubiks cubes"}', '2024-03-10'),
(5, 983, '{"colors":["Yellow","Blue"],"first_choice":"Toy trucks","second_choice":"Stuffed animals"}', '2024-10-13'),
(6, 577, '{"colors":["Yellow","Pink"],"first_choice":"Jigsaw puzzles","second_choice":"Action figures"}', '2024-05-27'),
(7, 225, '{"colors":["Red","Blue"],"first_choice":"Barbie dolls","second_choice":"Play-Doh"}', '2024-05-05'),
(8, 236, '{"colors":["Blue"],"first_choice":"Dollhouses","second_choice":"Action figures"}', '2024-10-18'),
(9, 549, '{"colors":["Green","Red","Orange","Orange","Black"],"first_choice":"Dollhouses","second_choice":"Toy trains"}', '2024-12-17'),
(10, 219, '{"colors":["Yellow","Pink","Blue","Brown"],"first_choice":"Teddy bears","second_choice":"Building sets"}', '2024-09-06'),
(11, 40, '{"colors":["Orange","Yellow"],"first_choice":"Hula hoops","second_choice":"Jump ropes"}', '2024-08-02'),
(12, 559, '{"colors":["Pink","Pink"],"first_choice":"Building sets","second_choice":"Toy musical instruments"}', '2024-05-14'),
(13, 280, '{"colors":["Pink","Blue","White"],"first_choice":"Action figures","second_choice":"Board games"}', '2024-10-11'),
(14, 944, '{"colors":["Yellow","Brown","Purple","Purple"],"first_choice":"Action figures","second_choice":"Hula hoops"}', '2024-06-21'),
(15, 77, '{"colors":["Green","Blue","White","Blue","White"],"first_choice":"Building sets","second_choice":"Barbie dolls"}', '2024-08-19'),
(16, 171, '{"colors":["White"],"first_choice":"Toy trucks","second_choice":"LEGO blocks"}', '2024-04-21'),
(17, 90, '{"colors":["Green"],"first_choice":"Jigsaw puzzles","second_choice":"Jump ropes"}', '2024-03-04'),
(18, 223, '{"colors":["Pink","Pink"],"first_choice":"Jigsaw puzzles","second_choice":"Jump ropes"}', '2024-07-14'),
(19, 881, '{"colors":["Black","Purple"],"first_choice":"Dollhouses","second_choice":"Dollhouses"}', '2024-11-04'),
(20, 514, '{"colors":["Yellow","Blue","Blue","Red"],"first_choice":"Toy musical instruments","second_choice":"Building sets"}', '2024-05-30'),
(21, 537, '{"colors":["Yellow","Orange","Pink","Orange"],"first_choice":"Board games","second_choice":"Jump ropes"}', '2024-07-09'),
(22, 259, '{"colors":["Pink","Yellow","White"],"first_choice":"Board games","second_choice":"Yo-yos"}', '2024-06-11'),
(23, 958, '{"colors":["Red"],"first_choice":"Toy kitchen sets","second_choice":"Building blocks"}', '2024-09-14'),
(24, 355, '{"colors":["Brown","White","White","Blue"],"first_choice":"Action figures","second_choice":"Toy trains"}', '2024-01-21'),
(25, 91, '{"colors":["White","Red","Yellow","Green"],"first_choice":"Jump ropes","second_choice":"LEGO blocks"}', '2024-01-11'),
(26, 858, '{"colors":["Yellow","Blue","Purple","Black"],"first_choice":"Toy kitchen sets","second_choice":"Action figures"}', '2024-01-10'),
(27, 508, '{"colors":["Orange"],"first_choice":"Dollhouses","second_choice":"Remote control cars"}', '2024-12-14'),
(28, 834, '{"colors":["Orange","Pink","Black","Black"],"first_choice":"Barbie dolls","second_choice":"Toy musical instruments"}', '2024-12-08'),
(29, 415, '{"colors":["White","Red","Brown"],"first_choice":"Teddy bears","second_choice":"Play-Doh"}', '2024-05-31'),
(30, 310, '{"colors":["Yellow","Orange","Purple","Black"],"first_choice":"Stuffed animals","second_choice":"LEGO blocks"}', '2024-11-07'),
(31, 486, '{"colors":["Orange"],"first_choice":"Yo-yos","second_choice":"LEGO blocks"}', '2024-12-05'),
(32, 359, '{"colors":["Red","Orange"],"first_choice":"Action figures","second_choice":"Hula hoops"}', '2024-03-26'),
(33, 392, '{"colors":["Black","Brown"],"first_choice":"Yo-yos","second_choice":"Action figures"}', '2024-08-03'),
(34, 189, '{"colors":["Brown","Brown","Purple","Brown"],"first_choice":"Jump ropes","second_choice":"Remote control cars"}', '2024-11-21'),
(35, 346, '{"colors":["Red","Orange","Purple","Purple"],"first_choice":"Jigsaw puzzles","second_choice":"Board games"}', '2024-06-12'),
(36, 155, '{"colors":["Pink","Yellow","Brown"],"first_choice":"Board games","second_choice":"Hula hoops"}', '2024-05-31'),
(37, 225, '{"colors":["White","Orange"],"first_choice":"Building blocks","second_choice":"Remote control cars"}', '2024-01-13'),
(38, 529, '{"colors":["White","Pink","Yellow","Brown"],"first_choice":"Toy musical instruments","second_choice":"LEGO blocks"}', '2024-11-03'),
(39, 641, '{"colors":["Orange","White"],"first_choice":"Board games","second_choice":"Dollhouses"}', '2024-11-30'),
(40, 396, '{"colors":["Blue","Purple"],"first_choice":"Building sets","second_choice":"Barbie dolls"}', '2024-02-27'),
(41, 811, '{"colors":["Yellow","Green","Red","White","Green"],"first_choice":"Dollhouses","second_choice":"Building blocks"}', '2024-12-22'),
(42, 346, '{"colors":["Black","Pink","Green","White"],"first_choice":"Action figures","second_choice":"Hula hoops"}', '2024-01-26'),
(43, 167, '{"colors":["White","Black","Purple","Green","Red"],"first_choice":"Jump ropes","second_choice":"Hula hoops"}', '2024-05-05'),
(44, 599, '{"colors":["Black","Orange"],"first_choice":"Toy musical instruments","second_choice":"Stuffed animals"}', '2024-03-13'),
(45, 710, '{"colors":["Purple","White","Yellow","White"],"first_choice":"Building blocks","second_choice":"Toy trucks"}', '2024-04-13'),
(46, 217, '{"colors":["Red","Orange"],"first_choice":"Jigsaw puzzles","second_choice":"Board games"}', '2024-07-03'),
(47, 102, '{"colors":["Yellow","Red","Blue","Red"],"first_choice":"Remote control cars","second_choice":"LEGO blocks"}', '2024-01-25'),
(48, 105, '{"colors":["White","Pink","Black","Orange"],"first_choice":"Toy musical instruments","second_choice":"Dollhouses"}', '2024-09-20'),
(49, 712, '{"colors":["Green","Yellow","Brown","White","Orange"],"first_choice":"Jigsaw puzzles","second_choice":"Toy trains"}', '2024-10-22'),
(50, 24, '{"colors":["Green"],"first_choice":"Stuffed animals","second_choice":"LEGO blocks"}', '2024-04-24'),
(51, 815, '{"colors":["Orange","Red","Purple","Green"],"first_choice":"Jump ropes","second_choice":"Hula hoops"}', '2024-06-07'),
(52, 40, '{"colors":["Blue","Purple","Yellow"],"first_choice":"Action figures","second_choice":"Toy trains"}', '2024-06-07'),
(53, 921, '{"colors":["White","White","Black"],"first_choice":"Building blocks","second_choice":"Action figures"}', '2024-06-10'),
(54, 419, '{"colors":["Green","Purple","White","Blue","Pink"],"first_choice":"Toy musical instruments","second_choice":"Yo-yos"}', '2024-08-14'),
(55, 951, '{"colors":["Brown","Brown","Red"],"first_choice":"Toy trains","second_choice":"Building blocks"}', '2024-11-19'),
(56, 720, '{"colors":["Black"],"first_choice":"LEGO blocks","second_choice":"Jump ropes"}', '2024-11-18'),
(57, 786, '{"colors":["Purple","Yellow"],"first_choice":"Action figures","second_choice":"Yo-yos"}', '2024-12-17'),
(58, 739, '{"colors":["Green"],"first_choice":"Toy trains","second_choice":"Building blocks"}', '2024-09-17'),
(59, 509, '{"colors":["Pink","Blue","Yellow","White"],"first_choice":"Rubiks cubes","second_choice":"Play-Doh"}', '2024-03-11'),
(60, 623, '{"colors":["Green"],"first_choice":"Jigsaw puzzles","second_choice":"Building sets"}', '2024-11-29'),
(61, 30, '{"colors":["Green","Black","Blue"],"first_choice":"Action figures","second_choice":"Toy trucks"}', '2024-06-24'),
(62, 819, '{"colors":["White"],"first_choice":"Hula hoops","second_choice":"Stuffed animals"}', '2024-05-07'),
(63, 197, '{"colors":["Brown","Pink"],"first_choice":"Rubiks cubes","second_choice":"Toy trains"}', '2024-09-07'),
(64, 932, '{"colors":["Pink","Brown","Black","Green"],"first_choice":"Toy trains","second_choice":"Hula hoops"}', '2024-03-16'),
(65, 430, '{"colors":["Blue","Orange"],"first_choice":"Toy trucks","second_choice":"Yo-yos"}', '2024-03-23'),
(66, 871, '{"colors":["Blue","Brown","White","White"],"first_choice":"Action figures","second_choice":"Toy kitchen sets"}', '2024-07-05'),
(67, 612, '{"colors":["Brown","Orange"],"first_choice":"Play-Doh","second_choice":"Board games"}', '2024-07-26'),
(68, 511, '{"colors":["Red","Green","Black","Orange","White"],"first_choice":"Building blocks","second_choice":"LEGO blocks"}', '2024-04-04'),
(69, 779, '{"colors":["Yellow"],"first_choice":"Jigsaw puzzles","second_choice":"Action figures"}', '2024-03-27'),
(70, 352, '{"colors":["White"],"first_choice":"Toy musical instruments","second_choice":"Yo-yos"}', '2024-02-04'),
(71, 29, '{"colors":["Brown"],"first_choice":"Board games","second_choice":"Board games"}', '2024-03-12'),
(72, 110, '{"colors":["Blue","Purple","Green","Yellow"],"first_choice":"Building blocks","second_choice":"Toy musical instruments"}', '2024-08-20'),
(73, 16, '{"colors":["Orange"],"first_choice":"Jump ropes","second_choice":"Stuffed animals"}', '2024-11-02'),
(74, 972, '{"colors":["Orange"],"first_choice":"Barbie dolls","second_choice":"Toy kitchen sets"}', '2024-08-03'),
(75, 837, '{"colors":["Black","White"],"first_choice":"Toy trucks","second_choice":"Jigsaw puzzles"}', '2024-05-26'),
(76, 9, '{"colors":["Brown"],"first_choice":"Building blocks","second_choice":"Play-Doh"}', '2024-04-27'),
(77, 938, '{"colors":["Black","Orange","Purple"],"first_choice":"Play-Doh","second_choice":"Stuffed animals"}', '2024-02-26'),
(78, 912, '{"colors":["Blue","Orange","Orange","Black"],"first_choice":"Yo-yos","second_choice":"Stuffed animals"}', '2024-08-12'),
(79, 153, '{"colors":["Pink","Yellow","Black","Red","Orange"],"first_choice":"Jigsaw puzzles","second_choice":"Yo-yos"}', '2024-06-27'),
(80, 100, '{"colors":["Brown","Yellow","Brown","Purple","Yellow"],"first_choice":"Yo-yos","second_choice":"Building blocks"}', '2024-07-09'),
(81, 373, '{"colors":["Pink","Orange"],"first_choice":"Remote control cars","second_choice":"Play-Doh"}', '2024-05-14'),
(82, 527, '{"colors":["Black"],"first_choice":"LEGO blocks","second_choice":"Barbie dolls"}', '2024-04-07'),
(83, 989, '{"colors":["Blue","Purple","Pink","Red","Green"],"first_choice":"Building sets","second_choice":"Jump ropes"}', '2024-04-21'),
(84, 383, '{"colors":["White","Purple"],"first_choice":"Building blocks","second_choice":"LEGO blocks"}', '2024-09-28'),
(85, 988, '{"colors":["Green","Orange","Brown"],"first_choice":"Rubiks cubes","second_choice":"Jump ropes"}', '2024-05-26'),
(86, 598, '{"colors":["Brown","Red","Yellow","Blue","Purple"],"first_choice":"Stuffed animals","second_choice":"Building blocks"}', '2024-06-06'),
(87, 586, '{"colors":["Green"],"first_choice":"Jump ropes","second_choice":"Toy trucks"}', '2024-08-30'),
(88, 790, '{"colors":["White","Black"],"first_choice":"Action figures","second_choice":"Toy trains"}', '2024-03-14'),
(89, 407, '{"colors":["White","Black","Blue","Yellow","Brown"],"first_choice":"Play-Doh","second_choice":"Barbie dolls"}', '2024-03-20'),
(90, 32, '{"colors":["Black","Pink","Yellow"],"first_choice":"Toy trains","second_choice":"Teddy bears"}', '2024-12-13'),
(91, 355, '{"colors":["Blue"],"first_choice":"LEGO blocks","second_choice":"Toy musical instruments"}', '2024-04-25'),
(92, 577, '{"colors":["Blue"],"first_choice":"Rubiks cubes","second_choice":"Action figures"}', '2024-01-27'),
(93, 811, '{"colors":["Green","Brown","Pink"],"first_choice":"Toy trucks","second_choice":"Teddy bears"}', '2024-12-03'),
(94, 330, '{"colors":["Blue"],"first_choice":"Stuffed animals","second_choice":"Building sets"}', '2024-08-03'),
(95, 405, '{"colors":["Purple","Purple","White","Blue","Orange"],"first_choice":"Toy musical instruments","second_choice":"Jump ropes"}', '2024-09-06'),
(96, 610, '{"colors":["Orange","Black","Red"],"first_choice":"Board games","second_choice":"Toy musical instruments"}', '2024-05-28'),
(97, 311, '{"colors":["Pink","Pink","Orange","Green"],"first_choice":"Dollhouses","second_choice":"Yo-yos"}', '2024-09-06'),
(98, 443, '{"colors":["White","White","Purple","Black","Purple"],"first_choice":"Play-Doh","second_choice":"Jump ropes"}', '2024-06-06'),
(99, 469, '{"colors":["Black","Black","Yellow"],"first_choice":"Toy trucks","second_choice":"Building blocks"}', '2024-09-27'),
(100, 114, '{"colors":["Black","Purple"],"first_choice":"LEGO blocks","second_choice":"Jigsaw puzzles"}', '2024-06-06'),
(101, 51, '{"colors":["Black"],"first_choice":"Stuffed animals","second_choice":"Barbie dolls"}', '2024-01-22'),
(102, 762, '{"colors":["Orange","White","Yellow","Pink"],"first_choice":"Toy kitchen sets","second_choice":"Building sets"}', '2024-01-17'),
(103, 334, '{"colors":["Black","Black","Orange","Black"],"first_choice":"Toy trains","second_choice":"Play-Doh"}', '2024-08-22'),
(104, 734, '{"colors":["White","Green","Brown","White"],"first_choice":"Toy trains","second_choice":"Remote control cars"}', '2024-10-18'),
(105, 270, '{"colors":["Purple","Orange","Green","Green"],"first_choice":"Building blocks","second_choice":"Play-Doh"}', '2024-05-23'),
(106, 539, '{"colors":["Red","Pink","Black","Red","Red"],"first_choice":"Toy trucks","second_choice":"Action figures"}', '2024-03-14'),
(107, 406, '{"colors":["Green","White","Yellow"],"first_choice":"Teddy bears","second_choice":"Toy kitchen sets"}', '2024-01-05'),
(108, 623, '{"colors":["Yellow"],"first_choice":"Dollhouses","second_choice":"Toy kitchen sets"}', '2024-03-11'),
(109, 306, '{"colors":["Brown","Blue","Blue","Brown"],"first_choice":"Remote control cars","second_choice":"Play-Doh"}', '2024-07-05'),
(110, 298, '{"colors":["Pink","Purple"],"first_choice":"Hula hoops","second_choice":"Jigsaw puzzles"}', '2024-08-21'),
(111, 326, '{"colors":["White","Pink","Purple"],"first_choice":"Teddy bears","second_choice":"Barbie dolls"}', '2024-12-14'),
(112, 972, '{"colors":["Orange","Orange"],"first_choice":"Toy trucks","second_choice":"Toy kitchen sets"}', '2024-03-30'),
(113, 871, '{"colors":["Orange"],"first_choice":"Toy trains","second_choice":"Building blocks"}', '2024-10-23'),
(114, 468, '{"colors":["Red"],"first_choice":"Play-Doh","second_choice":"Teddy bears"}', '2024-01-02'),
(115, 341, '{"colors":["Orange","Blue","Purple","Blue"],"first_choice":"Board games","second_choice":"Remote control cars"}', '2024-09-16'),
(116, 633, '{"colors":["Green","Black","Black"],"first_choice":"Building blocks","second_choice":"Barbie dolls"}', '2024-04-16'),
(117, 927, '{"colors":["Yellow","Purple","Black"],"first_choice":"Yo-yos","second_choice":"Remote control cars"}', '2024-11-11'),
(118, 149, '{"colors":["Purple","Pink","Red","Brown"],"first_choice":"Hula hoops","second_choice":"Building blocks"}', '2024-12-02'),
(119, 597, '{"colors":["Green","Purple","Green","Yellow","Red"],"first_choice":"Barbie dolls","second_choice":"Toy musical instruments"}', '2024-08-30'),
(120, 147, '{"colors":["Green","Green","Green","Purple"],"first_choice":"Dollhouses","second_choice":"Hula hoops"}', '2024-01-06'),
(121, 363, '{"colors":["Purple","White","Green","Black","White"],"first_choice":"Yo-yos","second_choice":"Stuffed animals"}', '2024-03-27'),
(122, 804, '{"colors":["White","Red","Purple","Black","White"],"first_choice":"LEGO blocks","second_choice":"Dollhouses"}', '2024-10-23'),
(123, 569, '{"colors":["Green","Blue","Pink","Green","Green"],"first_choice":"Hula hoops","second_choice":"Yo-yos"}', '2024-12-04'),
(124, 864, '{"colors":["Blue","Red","Yellow","Pink"],"first_choice":"Remote control cars","second_choice":"Stuffed animals"}', '2024-06-02'),
(125, 979, '{"colors":["Black","Red"],"first_choice":"Yo-yos","second_choice":"Yo-yos"}', '2024-09-16'),
(126, 191, '{"colors":["Black","Green","Yellow","Green","White"],"first_choice":"Barbie dolls","second_choice":"Jigsaw puzzles"}', '2024-05-31'),
(127, 842, '{"colors":["Purple","Purple","White","Black"],"first_choice":"Dollhouses","second_choice":"Hula hoops"}', '2024-02-09'),
(128, 104, '{"colors":["Pink","Pink","Red","Red"],"first_choice":"Rubiks cubes","second_choice":"Toy trains"}', '2024-10-03'),
(129, 297, '{"colors":["Purple","Yellow","Green","Brown","White"],"first_choice":"Toy trucks","second_choice":"Stuffed animals"}', '2024-11-28'),
(130, 816, '{"colors":["White","White"],"first_choice":"Rubiks cubes","second_choice":"Yo-yos"}', '2024-03-15'),
(131, 985, '{"colors":["Purple","Blue","Yellow","Orange","Purple"],"first_choice":"Rubiks cubes","second_choice":"Action figures"}', '2024-01-20'),
(132, 384, '{"colors":["Brown","Green","Green","Blue"],"first_choice":"Yo-yos","second_choice":"Action figures"}', '2024-01-02'),
(133, 334, '{"colors":["Blue","Black","White","Brown"],"first_choice":"Toy musical instruments","second_choice":"Action figures"}', '2024-03-17'),
(134, 781, '{"colors":["Black","Pink"],"first_choice":"Yo-yos","second_choice":"Stuffed animals"}', '2024-08-28'),
(135, 178, '{"colors":["Black"],"first_choice":"LEGO blocks","second_choice":"Jigsaw puzzles"}', '2024-07-18'),
(136, 413, '{"colors":["Green","Blue","Purple"],"first_choice":"Yo-yos","second_choice":"LEGO blocks"}', '2024-05-13'),
(137, 292, '{"colors":["Orange","Red","Black","Purple","White"],"first_choice":"Teddy bears","second_choice":"Play-Doh"}', '2024-10-09'),
(138, 115, '{"colors":["Blue"],"first_choice":"LEGO blocks","second_choice":"Toy musical instruments"}', '2024-02-24'),
(139, 697, '{"colors":["Brown","Green","Purple","Yellow"],"first_choice":"Building sets","second_choice":"Board games"}', '2024-02-13'),
(140, 90, '{"colors":["White","Purple","White"],"first_choice":"Toy trains","second_choice":"Rubiks cubes"}', '2024-12-20'),
(141, 73, '{"colors":["Blue","Pink","Brown","Black","Yellow"],"first_choice":"Toy musical instruments","second_choice":"LEGO blocks"}', '2024-06-21'),
(142, 692, '{"colors":["Brown","Pink","Purple","Pink"],"first_choice":"Barbie dolls","second_choice":"Board games"}', '2024-04-12'),
(143, 575, '{"colors":["Orange","Orange","Purple"],"first_choice":"Jump ropes","second_choice":"LEGO blocks"}', '2024-01-25'),
(144, 979, '{"colors":["Purple","Brown","White"],"first_choice":"Action figures","second_choice":"Yo-yos"}', '2024-06-25'),
(145, 418, '{"colors":["Green","Purple","Brown","Brown","Orange"],"first_choice":"Rubiks cubes","second_choice":"Rubiks cubes"}', '2024-06-23'),
(146, 950, '{"colors":["Orange"],"first_choice":"Jigsaw puzzles","second_choice":"Barbie dolls"}', '2024-06-30'),
(147, 834, '{"colors":["Purple","Green"],"first_choice":"Jump ropes","second_choice":"Toy trains"}', '2024-03-13'),
(148, 34, '{"colors":["Black"],"first_choice":"Toy kitchen sets","second_choice":"Hula hoops"}', '2024-05-24'),
(149, 860, '{"colors":["Blue","Blue"],"first_choice":"Remote control cars","second_choice":"Yo-yos"}', '2024-01-31'),
(150, 226, '{"colors":["White","Black","Brown","Black"],"first_choice":"Building blocks","second_choice":"Yo-yos"}', '2024-07-21'),
(151, 902, '{"colors":["Blue"],"first_choice":"Building blocks","second_choice":"Toy musical instruments"}', '2024-07-30'),
(152, 680, '{"colors":["Brown","Black"],"first_choice":"Yo-yos","second_choice":"Teddy bears"}', '2024-03-03'),
(153, 325, '{"colors":["Orange","White"],"first_choice":"Yo-yos","second_choice":"Hula hoops"}', '2024-10-06'),
(154, 438, '{"colors":["White","Black","Green"],"first_choice":"Dollhouses","second_choice":"Toy trucks"}', '2024-05-20'),
(155, 504, '{"colors":["Green"],"first_choice":"Remote control cars","second_choice":"Hula hoops"}', '2024-02-15'),
(156, 660, '{"colors":["Yellow","Purple","Green"],"first_choice":"Jigsaw puzzles","second_choice":"Action figures"}', '2024-06-30'),
(157, 143, '{"colors":["Blue","Blue"],"first_choice":"Building sets","second_choice":"Dollhouses"}', '2024-06-29'),
(158, 177, '{"colors":["Black","Pink","Orange","Red","Purple"],"first_choice":"Remote control cars","second_choice":"Board games"}', '2024-01-22'),
(159, 557, '{"colors":["Brown"],"first_choice":"Remote control cars","second_choice":"Barbie dolls"}', '2024-11-04'),
(160, 483, '{"colors":["Orange"],"first_choice":"Barbie dolls","second_choice":"Dollhouses"}', '2024-04-29'),
(161, 358, '{"colors":["Yellow","Orange","Blue"],"first_choice":"Hula hoops","second_choice":"Jump ropes"}', '2024-10-19'),
(162, 948, '{"colors":["Purple","Purple","Pink","Orange","Purple"],"first_choice":"Teddy bears","second_choice":"Toy trucks"}', '2024-11-02'),
(163, 266, '{"colors":["Black","Brown","Orange"],"first_choice":"Yo-yos","second_choice":"Jigsaw puzzles"}', '2024-09-26'),
(164, 92, '{"colors":["Purple","Red"],"first_choice":"Toy musical instruments","second_choice":"Yo-yos"}', '2024-02-17'),
(165, 317, '{"colors":["Black","Green","Brown","White","Yellow"],"first_choice":"Building blocks","second_choice":"Building blocks"}', '2024-04-08'),
(166, 733, '{"colors":["Brown"],"first_choice":"Remote control cars","second_choice":"LEGO blocks"}', '2024-05-04'),
(167, 508, '{"colors":["Yellow","Blue","Orange","White"],"first_choice":"Play-Doh","second_choice":"Building blocks"}', '2024-10-04'),
(168, 729, '{"colors":["Black","Blue","White","Orange"],"first_choice":"Action figures","second_choice":"Action figures"}', '2024-03-26'),
(169, 292, '{"colors":["Red","Yellow","Blue","Orange"],"first_choice":"Play-Doh","second_choice":"Play-Doh"}', '2024-04-08'),
(170, 871, '{"colors":["Purple","Blue","Yellow","Orange","Red"],"first_choice":"Play-Doh","second_choice":"Stuffed animals"}', '2024-01-01'),
(171, 825, '{"colors":["White"],"first_choice":"Yo-yos","second_choice":"Remote control cars"}', '2024-11-05'),
(172, 430, '{"colors":["Red","Yellow","Purple"],"first_choice":"Yo-yos","second_choice":"Board games"}', '2024-10-03'),
(173, 706, '{"colors":["Brown","Brown","Black","White"],"first_choice":"Teddy bears","second_choice":"Teddy bears"}', '2024-09-23'),
(174, 154, '{"colors":["Purple"],"first_choice":"Barbie dolls","second_choice":"Building blocks"}', '2024-02-15'),
(175, 647, '{"colors":["Brown","Purple","White"],"first_choice":"Dollhouses","second_choice":"LEGO blocks"}', '2024-09-14'),
(176, 313, '{"colors":["Pink"],"first_choice":"LEGO blocks","second_choice":"Play-Doh"}', '2024-03-27'),
(177, 828, '{"colors":["Pink","Black","Purple","Green","Black"],"first_choice":"Board games","second_choice":"Remote control cars"}', '2024-03-02'),
(178, 609, '{"colors":["Red","Black","Pink","Blue"],"first_choice":"Barbie dolls","second_choice":"Toy musical instruments"}', '2024-07-18'),
(179, 110, '{"colors":["White","Pink","Brown","Black"],"first_choice":"Play-Doh","second_choice":"Stuffed animals"}', '2024-08-08'),
(180, 525, '{"colors":["Purple"],"first_choice":"Barbie dolls","second_choice":"Play-Doh"}', '2024-01-15'),
(181, 548, '{"colors":["Purple","Red","White","Purple","Red"],"first_choice":"Toy trucks","second_choice":"Toy kitchen sets"}', '2024-11-27'),
(182, 465, '{"colors":["Red","Orange","Green","White"],"first_choice":"Teddy bears","second_choice":"Building sets"}', '2024-06-22'),
(183, 944, '{"colors":["Yellow","Blue","Brown"],"first_choice":"Stuffed animals","second_choice":"Jigsaw puzzles"}', '2024-11-10'),
(184, 657, '{"colors":["White","Blue","Green"],"first_choice":"Dollhouses","second_choice":"Building sets"}', '2024-08-04'),
(185, 58, '{"colors":["Blue","Brown","Brown"],"first_choice":"Dollhouses","second_choice":"Action figures"}', '2024-01-18'),
(186, 921, '{"colors":["Black","Green"],"first_choice":"Rubiks cubes","second_choice":"Board games"}', '2024-10-14'),
(187, 358, '{"colors":["Red","Brown","Yellow"],"first_choice":"Building sets","second_choice":"Jigsaw puzzles"}', '2024-07-03'),
(188, 354, '{"colors":["Blue","Pink"],"first_choice":"Barbie dolls","second_choice":"LEGO blocks"}', '2024-10-22'),
(189, 584, '{"colors":["Brown","Brown"],"first_choice":"Toy trains","second_choice":"Rubiks cubes"}', '2024-08-27'),
(190, 100, '{"colors":["White","Orange","Yellow","Black","Pink"],"first_choice":"Teddy bears","second_choice":"Stuffed animals"}', '2024-09-05'),
(191, 278, '{"colors":["Brown","Red"],"first_choice":"Remote control cars","second_choice":"Building blocks"}', '2024-04-13'),
(192, 606, '{"colors":["Brown"],"first_choice":"Building blocks","second_choice":"Building blocks"}', '2024-11-25'),
(193, 555, '{"colors":["Yellow","Yellow","Red","Purple"],"first_choice":"Jump ropes","second_choice":"Play-Doh"}', '2024-11-03'),
(194, 262, '{"colors":["Pink","Pink","Purple"],"first_choice":"Toy trains","second_choice":"Building sets"}', '2024-11-07'),
(195, 134, '{"colors":["Pink","Red","Orange","Green"],"first_choice":"Teddy bears","second_choice":"Stuffed animals"}', '2024-11-05'),
(196, 351, '{"colors":["Pink"],"first_choice":"Toy trucks","second_choice":"Building sets"}', '2024-08-05'),
(197, 409, '{"colors":["Pink"],"first_choice":"Barbie dolls","second_choice":"Stuffed animals"}', '2024-11-13'),
(198, 601, '{"colors":["White","Red","Yellow","White","Black"],"first_choice":"Hula hoops","second_choice":"Jump ropes"}', '2024-02-24'),
(199, 529, '{"colors":["Red","Purple","Yellow","Pink","Purple"],"first_choice":"Building blocks","second_choice":"Building blocks"}', '2024-08-11'),
(200, 882, '{"colors":["Pink","Pink","Black","Brown"],"first_choice":"Toy musical instruments","second_choice":"Dollhouses"}', '2024-12-09'),
(201, 421, '{"colors":["Green"],"first_choice":"Teddy bears","second_choice":"Building sets"}', '2024-09-25'),
(202, 384, '{"colors":["Brown"],"first_choice":"Building sets","second_choice":"Rubiks cubes"}', '2024-11-21'),
(203, 846, '{"colors":["Orange"],"first_choice":"Yo-yos","second_choice":"Hula hoops"}', '2024-10-03'),
(204, 808, '{"colors":["Purple","Blue","Red","Yellow"],"first_choice":"Toy trucks","second_choice":"Action figures"}', '2024-06-21'),
(205, 310, '{"colors":["Orange","Red"],"first_choice":"Hula hoops","second_choice":"Rubiks cubes"}', '2024-10-20'),
(206, 177, '{"colors":["Purple"],"first_choice":"Yo-yos","second_choice":"Stuffed animals"}', '2024-08-22'),
(207, 83, '{"colors":["Pink","Green","Pink","Blue","Pink"],"first_choice":"Action figures","second_choice":"Dollhouses"}', '2024-11-08'),
(208, 72, '{"colors":["Purple","Red","Brown","Brown","Blue"],"first_choice":"Toy trucks","second_choice":"Toy trucks"}', '2024-07-04'),
(209, 905, '{"colors":["Red","Orange","Yellow","White","Blue"],"first_choice":"LEGO blocks","second_choice":"Building blocks"}', '2024-12-03'),
(210, 290, '{"colors":["Orange"],"first_choice":"Toy trucks","second_choice":"Building sets"}', '2024-03-15'),
(211, 428, '{"colors":["Purple","Purple","Pink","Pink"],"first_choice":"Toy trucks","second_choice":"Action figures"}', '2024-03-17'),
(212, 752, '{"colors":["Brown","Red","White","Yellow","Purple"],"first_choice":"Toy kitchen sets","second_choice":"LEGO blocks"}', '2024-11-08'),
(213, 622, '{"colors":["Blue","Pink","Red","White"],"first_choice":"Barbie dolls","second_choice":"Rubiks cubes"}', '2024-10-19'),
(214, 703, '{"colors":["Red"],"first_choice":"Dollhouses","second_choice":"Rubiks cubes"}', '2024-08-09'),
(215, 637, '{"colors":["White","Green","Orange","Black","White"],"first_choice":"Toy kitchen sets","second_choice":"Yo-yos"}', '2024-05-12'),
(216, 208, '{"colors":["Blue","Pink","Green","Green"],"first_choice":"Barbie dolls","second_choice":"Jump ropes"}', '2024-11-15'),
(217, 953, '{"colors":["Blue","Red","White","Green"],"first_choice":"Toy kitchen sets","second_choice":"Toy trucks"}', '2024-04-12'),
(218, 574, '{"colors":["Brown","Yellow","White"],"first_choice":"Play-Doh","second_choice":"Play-Doh"}', '2024-05-12'),
(219, 663, '{"colors":["White","Red","Red"],"first_choice":"Toy trucks","second_choice":"Play-Doh"}', '2024-08-15'),
(220, 465, '{"colors":["Black","Red","Purple"],"first_choice":"Yo-yos","second_choice":"Toy trucks"}', '2024-09-11'),
(221, 923, '{"colors":["Red","Blue"],"first_choice":"LEGO blocks","second_choice":"Toy trains"}', '2024-06-07'),
(222, 291, '{"colors":["Purple","Orange","Red","Black"],"first_choice":"Building sets","second_choice":"Action figures"}', '2024-05-30'),
(223, 907, '{"colors":["Pink","White","Orange","Orange","Orange"],"first_choice":"Dollhouses","second_choice":"Jigsaw puzzles"}', '2024-11-12'),
(224, 188, '{"colors":["Red"],"first_choice":"Rubiks cubes","second_choice":"Rubiks cubes"}', '2024-01-19'),
(225, 730, '{"colors":["Yellow","Yellow","Red"],"first_choice":"Yo-yos","second_choice":"Toy musical instruments"}', '2024-02-28'),
(226, 863, '{"colors":["Blue"],"first_choice":"Hula hoops","second_choice":"Jigsaw puzzles"}', '2024-11-26'),
(227, 263, '{"colors":["White","White","Brown","Yellow","Brown"],"first_choice":"Teddy bears","second_choice":"Hula hoops"}', '2024-03-09'),
(228, 984, '{"colors":["Pink","Pink","Blue"],"first_choice":"LEGO blocks","second_choice":"Jump ropes"}', '2024-01-30'),
(229, 919, '{"colors":["Pink","Black","Purple","Green"],"first_choice":"Rubiks cubes","second_choice":"Jigsaw puzzles"}', '2024-06-07'),
(230, 473, '{"colors":["Brown","White"],"first_choice":"Barbie dolls","second_choice":"Yo-yos"}', '2024-09-04'),
(231, 299, '{"colors":["Orange","Brown","White","Purple"],"first_choice":"Dollhouses","second_choice":"Play-Doh"}', '2024-06-16'),
(232, 183, '{"colors":["Orange","Purple","Purple","Purple","Orange"],"first_choice":"LEGO blocks","second_choice":"Barbie dolls"}', '2024-10-08'),
(233, 511, '{"colors":["Green","Red"],"first_choice":"Toy kitchen sets","second_choice":"LEGO blocks"}', '2024-11-29'),
(234, 534, '{"colors":["Yellow"],"first_choice":"Jump ropes","second_choice":"Action figures"}', '2024-09-07'),
(235, 321, '{"colors":["Brown","Green","Green"],"first_choice":"Toy kitchen sets","second_choice":"Building blocks"}', '2024-10-02'),
(236, 822, '{"colors":["Orange","Yellow","Brown","Blue","Orange"],"first_choice":"Jigsaw puzzles","second_choice":"Toy trucks"}', '2024-05-01'),
(237, 355, '{"colors":["Green","Blue"],"first_choice":"Toy kitchen sets","second_choice":"Toy musical instruments"}', '2024-09-22'),
(238, 27, '{"colors":["White"],"first_choice":"Building sets","second_choice":"Teddy bears"}', '2024-04-17'),
(239, 845, '{"colors":["Red","Yellow"],"first_choice":"Rubiks cubes","second_choice":"LEGO blocks"}', '2024-02-13'),
(240, 284, '{"colors":["Yellow","Yellow","Yellow"],"first_choice":"Toy trains","second_choice":"Jigsaw puzzles"}', '2024-05-29'),
(241, 872, '{"colors":["Brown"],"first_choice":"Barbie dolls","second_choice":"Yo-yos"}', '2024-02-05'),
(242, 371, '{"colors":["Red"],"first_choice":"Board games","second_choice":"Toy trucks"}', '2024-04-06'),
(243, 950, '{"colors":["Orange","Red","Blue","Orange"],"first_choice":"Board games","second_choice":"Rubiks cubes"}', '2024-02-01'),
(244, 63, '{"colors":["White","Red","Blue","Purple","Red"],"first_choice":"Toy trains","second_choice":"Toy musical instruments"}', '2024-10-20'),
(245, 883, '{"colors":["Brown","Blue","Green","Purple","Orange"],"first_choice":"Dollhouses","second_choice":"Jigsaw puzzles"}', '2024-07-23'),
(246, 788, '{"colors":["Red","Yellow","Orange"],"first_choice":"Yo-yos","second_choice":"Jigsaw puzzles"}', '2024-04-21'),
(247, 623, '{"colors":["Brown","Orange","Blue","Pink"],"first_choice":"Board games","second_choice":"Toy trains"}', '2024-02-16'),
(248, 677, '{"colors":["Brown","Blue","White"],"first_choice":"Remote control cars","second_choice":"Toy trucks"}', '2024-08-13'),
(249, 63, '{"colors":["Brown","Black"],"first_choice":"LEGO blocks","second_choice":"Jump ropes"}', '2024-11-10'),
(250, 544, '{"colors":["White","Blue","Red"],"first_choice":"Jump ropes","second_choice":"Rubiks cubes"}', '2024-01-09'),
(251, 334, '{"colors":["Green","Brown","Green"],"first_choice":"Remote control cars","second_choice":"Teddy bears"}', '2024-10-13'),
(252, 114, '{"colors":["Brown"],"first_choice":"Jigsaw puzzles","second_choice":"Yo-yos"}', '2024-10-02'),
(253, 95, '{"colors":["White","White","Orange","Brown"],"first_choice":"Teddy bears","second_choice":"Building sets"}', '2024-11-22'),
(254, 526, '{"colors":["Red","Pink","Pink","White","Blue"],"first_choice":"Jigsaw puzzles","second_choice":"Toy musical instruments"}', '2024-03-23'),
(255, 225, '{"colors":["Green","Pink","Green","Red","Red"],"first_choice":"Dollhouses","second_choice":"Teddy bears"}', '2024-08-05'),
(256, 271, '{"colors":["Green","Blue","Blue","Blue"],"first_choice":"Rubiks cubes","second_choice":"Building sets"}', '2024-11-25'),
(257, 441, '{"colors":["Red","Brown","Pink","Green","Yellow"],"first_choice":"Stuffed animals","second_choice":"Board games"}', '2024-02-23'),
(258, 815, '{"colors":["Green","Green","Orange","Black"],"first_choice":"Toy trains","second_choice":"Rubiks cubes"}', '2024-11-21'),
(259, 884, '{"colors":["Green","Black","Yellow","Yellow","Pink"],"first_choice":"Toy musical instruments","second_choice":"Board games"}', '2024-03-27'),
(260, 687, '{"colors":["Red"],"first_choice":"Building blocks","second_choice":"Building sets"}', '2024-11-07'),
(261, 278, '{"colors":["Red"],"first_choice":"Jump ropes","second_choice":"Barbie dolls"}', '2024-05-28'),
(262, 426, '{"colors":["Purple","Black","Green","Green","Yellow"],"first_choice":"Hula hoops","second_choice":"LEGO blocks"}', '2024-08-18'),
(263, 643, '{"colors":["White","Orange"],"first_choice":"Stuffed animals","second_choice":"Toy kitchen sets"}', '2024-05-07'),
(264, 43, '{"colors":["White","Pink","Brown","Brown","Black"],"first_choice":"Building sets","second_choice":"Building sets"}', '2024-01-08'),
(265, 600, '{"colors":["Brown","Brown"],"first_choice":"Hula hoops","second_choice":"Jigsaw puzzles"}', '2024-02-17'),
(266, 829, '{"colors":["Red","Blue","Brown"],"first_choice":"Toy trucks","second_choice":"Toy musical instruments"}', '2024-04-01'),
(267, 491, '{"colors":["Black"],"first_choice":"Building blocks","second_choice":"Action figures"}', '2024-02-17'),
(268, 774, '{"colors":["Blue","Brown"],"first_choice":"Toy musical instruments","second_choice":"Action figures"}', '2024-09-03'),
(269, 293, '{"colors":["Green","Orange"],"first_choice":"Building sets","second_choice":"Dollhouses"}', '2024-01-23'),
(270, 986, '{"colors":["Brown","Blue","Yellow","Pink"],"first_choice":"Jigsaw puzzles","second_choice":"Board games"}', '2024-05-17'),
(271, 374, '{"colors":["Orange","Blue","Pink"],"first_choice":"Building sets","second_choice":"Teddy bears"}', '2024-02-11'),
(272, 819, '{"colors":["Pink","Brown","Yellow","Green","White"],"first_choice":"Toy musical instruments","second_choice":"Building blocks"}', '2024-06-16'),
(273, 153, '{"colors":["Black","Purple","Purple","Purple"],"first_choice":"Toy kitchen sets","second_choice":"Hula hoops"}', '2024-09-16'),
(274, 162, '{"colors":["Blue","Brown","Purple"],"first_choice":"Toy trains","second_choice":"Rubiks cubes"}', '2024-11-05'),
(275, 996, '{"colors":["Pink","Pink","Purple"],"first_choice":"Toy trains","second_choice":"LEGO blocks"}', '2024-07-07'),
(276, 943, '{"colors":["Purple","Orange"],"first_choice":"Remote control cars","second_choice":"Play-Doh"}', '2024-01-02'),
(277, 154, '{"colors":["Red","Brown","Blue"],"first_choice":"Action figures","second_choice":"Play-Doh"}', '2024-03-20'),
(278, 873, '{"colors":["Blue","Black","Black","Pink"],"first_choice":"LEGO blocks","second_choice":"Barbie dolls"}', '2024-06-18'),
(279, 908, '{"colors":["Purple","Purple","Brown","Pink"],"first_choice":"Jigsaw puzzles","second_choice":"Building sets"}', '2024-06-20'),
(280, 931, '{"colors":["Black","Brown","Purple","Yellow","Green"],"first_choice":"Toy trains","second_choice":"Action figures"}', '2024-08-03'),
(281, 658, '{"colors":["Green","Blue"],"first_choice":"Barbie dolls","second_choice":"Toy kitchen sets"}', '2024-04-01'),
(282, 2, '{"colors":["White","Black","Green"],"first_choice":"Toy musical instruments","second_choice":"Building sets"}', '2024-10-16'),
(283, 838, '{"colors":["Blue","Green","Green","Brown"],"first_choice":"Building blocks","second_choice":"Play-Doh"}', '2024-01-03'),
(284, 619, '{"colors":["Blue","Green"],"first_choice":"Hula hoops","second_choice":"Action figures"}', '2024-06-19'),
(285, 717, '{"colors":["White","Orange","Yellow","Pink","Black"],"first_choice":"Dollhouses","second_choice":"Rubiks cubes"}', '2024-01-01'),
(286, 196, '{"colors":["Pink","Blue","Brown"],"first_choice":"Yo-yos","second_choice":"Building blocks"}', '2024-02-22'),
(287, 81, '{"colors":["Pink","Pink","Blue","Orange"],"first_choice":"Dollhouses","second_choice":"Yo-yos"}', '2024-07-05'),
(288, 896, '{"colors":["Green","Black"],"first_choice":"Jump ropes","second_choice":"Hula hoops"}', '2024-04-10'),
(289, 489, '{"colors":["Red"],"first_choice":"Play-Doh","second_choice":"Toy trucks"}', '2024-06-28'),
(290, 507, '{"colors":["Orange","White","Yellow"],"first_choice":"Action figures","second_choice":"LEGO blocks"}', '2024-06-08'),
(291, 909, '{"colors":["Green","Black","Black","Pink"],"first_choice":"Play-Doh","second_choice":"Toy trucks"}', '2024-05-17'),
(292, 191, '{"colors":["Black","Brown"],"first_choice":"Remote control cars","second_choice":"Building blocks"}', '2024-01-15'),
(293, 708, '{"colors":["Green","Brown","Blue","Blue"],"first_choice":"Play-Doh","second_choice":"Rubiks cubes"}', '2024-08-20'),
(294, 207, '{"colors":["Pink"],"first_choice":"Yo-yos","second_choice":"Toy trucks"}', '2024-07-05'),
(295, 678, '{"colors":["Brown","Green","Green","Yellow"],"first_choice":"Rubiks cubes","second_choice":"Stuffed animals"}', '2024-11-01'),
(296, 276, '{"colors":["Orange","Brown","Brown"],"first_choice":"Play-Doh","second_choice":"Play-Doh"}', '2024-01-21'),
(297, 201, '{"colors":["Pink","Green","Blue"],"first_choice":"Hula hoops","second_choice":"Rubiks cubes"}', '2024-05-15'),
(298, 490, '{"colors":["Yellow","Green","Brown","Brown","Orange"],"first_choice":"Yo-yos","second_choice":"Barbie dolls"}', '2024-01-13'),
(299, 102, '{"colors":["Red","White","Pink"],"first_choice":"Building blocks","second_choice":"Action figures"}', '2024-11-30'),
(300, 145, '{"colors":["Green"],"first_choice":"Stuffed animals","second_choice":"Rubiks cubes"}', '2024-04-16'),
(301, 588, '{"colors":["Red","Pink","Pink","Brown","Purple"],"first_choice":"Stuffed animals","second_choice":"Toy musical instruments"}', '2024-11-21'),
(302, 138, '{"colors":["Purple","Yellow","Black"],"first_choice":"Jump ropes","second_choice":"Jigsaw puzzles"}', '2024-03-24'),
(303, 467, '{"colors":["Blue","Brown","Black","Blue","Black"],"first_choice":"Board games","second_choice":"Rubiks cubes"}', '2024-03-21'),
(304, 43, '{"colors":["Red"],"first_choice":"Stuffed animals","second_choice":"LEGO blocks"}', '2024-11-09'),
(305, 46, '{"colors":["Green","Pink"],"first_choice":"Hula hoops","second_choice":"Play-Doh"}', '2024-12-14'),
(306, 817, '{"colors":["Blue"],"first_choice":"Building sets","second_choice":"Toy musical instruments"}', '2024-08-15'),
(307, 446, '{"colors":["White","Red","Purple"],"first_choice":"Jump ropes","second_choice":"Hula hoops"}', '2024-04-10'),
(308, 174, '{"colors":["Pink","Brown","Black"],"first_choice":"Play-Doh","second_choice":"Play-Doh"}', '2024-01-31'),
(309, 353, '{"colors":["Blue","Yellow"],"first_choice":"Toy kitchen sets","second_choice":"Stuffed animals"}', '2024-04-24'),
(310, 156, '{"colors":["Pink","White","Green"],"first_choice":"Board games","second_choice":"Stuffed animals"}', '2024-10-12'),
(311, 383, '{"colors":["Blue","Green"],"first_choice":"Stuffed animals","second_choice":"Hula hoops"}', '2024-06-27'),
(312, 618, '{"colors":["Black","Purple","Black"],"first_choice":"Toy musical instruments","second_choice":"Building sets"}', '2024-07-01'),
(313, 16, '{"colors":["Blue","Black","Red"],"first_choice":"Toy musical instruments","second_choice":"Jigsaw puzzles"}', '2024-11-06'),
(314, 834, '{"colors":["Purple","Red","Purple","Orange","Yellow"],"first_choice":"Toy kitchen sets","second_choice":"LEGO blocks"}', '2024-04-02'),
(315, 330, '{"colors":["Red","Brown"],"first_choice":"Teddy bears","second_choice":"Building sets"}', '2024-01-08'),
(316, 548, '{"colors":["Pink","Brown","Brown","Black"],"first_choice":"Teddy bears","second_choice":"Jigsaw puzzles"}', '2024-07-24'),
(317, 895, '{"colors":["Brown","Purple","Orange","Black"],"first_choice":"Toy trains","second_choice":"Toy trains"}', '2024-12-01'),
(318, 408, '{"colors":["Blue","Red","Brown","Red"],"first_choice":"Stuffed animals","second_choice":"Jump ropes"}', '2024-09-12'),
(319, 749, '{"colors":["Purple","Blue","Black"],"first_choice":"LEGO blocks","second_choice":"Building sets"}', '2024-07-15'),
(320, 677, '{"colors":["Purple","Brown","Green","Orange"],"first_choice":"Jump ropes","second_choice":"Play-Doh"}', '2024-01-14'),
(321, 424, '{"colors":["White","White"],"first_choice":"Toy trains","second_choice":"Play-Doh"}', '2024-12-03'),
(322, 216, '{"colors":["Green","Orange","Orange","Brown","White"],"first_choice":"Barbie dolls","second_choice":"Jump ropes"}', '2024-12-17'),
(323, 82, '{"colors":["Blue","Red","Green","Blue","Purple"],"first_choice":"Action figures","second_choice":"Hula hoops"}', '2024-07-04'),
(324, 242, '{"colors":["Purple","Orange"],"first_choice":"Toy trains","second_choice":"Building sets"}', '2024-04-10'),
(325, 771, '{"colors":["Black","Purple","Black","Black"],"first_choice":"Building sets","second_choice":"Board games"}', '2024-08-01'),
(326, 885, '{"colors":["White"],"first_choice":"Toy trucks","second_choice":"Yo-yos"}', '2024-07-20'),
(327, 619, '{"colors":["Red"],"first_choice":"Yo-yos","second_choice":"Barbie dolls"}', '2024-10-31'),
(328, 192, '{"colors":["Black","Black","Black"],"first_choice":"Teddy bears","second_choice":"Jump ropes"}', '2024-06-08'),
(329, 74, '{"colors":["Orange","Yellow","Pink","Green","Pink"],"first_choice":"Play-Doh","second_choice":"Jigsaw puzzles"}', '2024-08-08'),
(330, 734, '{"colors":["Blue","Blue"],"first_choice":"Rubiks cubes","second_choice":"Toy musical instruments"}', '2024-11-18'),
(331, 540, '{"colors":["Green","Pink"],"first_choice":"Teddy bears","second_choice":"Teddy bears"}', '2024-10-10'),
(332, 457, '{"colors":["Purple","Yellow"],"first_choice":"Toy trucks","second_choice":"Teddy bears"}', '2024-01-30'),
(333, 426, '{"colors":["Brown","Brown"],"first_choice":"Rubiks cubes","second_choice":"Action figures"}', '2024-07-04'),
(334, 892, '{"colors":["Yellow","Yellow","Yellow","Red","Red"],"first_choice":"Jigsaw puzzles","second_choice":"Toy musical instruments"}', '2024-07-13'),
(335, 798, '{"colors":["White","Red"],"first_choice":"Jigsaw puzzles","second_choice":"Toy musical instruments"}', '2024-08-08'),
(336, 902, '{"colors":["Pink"],"first_choice":"Teddy bears","second_choice":"Jump ropes"}', '2024-06-20'),
(337, 388, '{"colors":["Green","Green"],"first_choice":"Building sets","second_choice":"Action figures"}', '2024-05-01'),
(338, 409, '{"colors":["Purple"],"first_choice":"Play-Doh","second_choice":"Toy trucks"}', '2024-11-19'),
(339, 781, '{"colors":["Black","White"],"first_choice":"Toy trucks","second_choice":"Yo-yos"}', '2024-07-21'),
(340, 319, '{"colors":["Green","Purple"],"first_choice":"Jigsaw puzzles","second_choice":"Jigsaw puzzles"}', '2024-08-31'),
(341, 236, '{"colors":["Yellow","Yellow","Blue","Blue","Brown"],"first_choice":"LEGO blocks","second_choice":"Building sets"}', '2024-12-02'),
(342, 817, '{"colors":["Red","Orange"],"first_choice":"Rubiks cubes","second_choice":"Hula hoops"}', '2024-08-15'),
(343, 261, '{"colors":["Blue"],"first_choice":"Building sets","second_choice":"LEGO blocks"}', '2024-07-14'),
(344, 951, '{"colors":["Brown","Green","White","Pink","Pink"],"first_choice":"Teddy bears","second_choice":"Jigsaw puzzles"}', '2024-10-21'),
(345, 654, '{"colors":["Pink","Yellow"],"first_choice":"Play-Doh","second_choice":"Toy trains"}', '2024-07-07'),
(346, 563, '{"colors":["Orange","Orange","Pink","Brown","Red"],"first_choice":"Toy musical instruments","second_choice":"Teddy bears"}', '2024-03-27'),
(347, 711, '{"colors":["Brown","Blue","Blue","Black","Yellow"],"first_choice":"Board games","second_choice":"LEGO blocks"}', '2024-03-01'),
(348, 296, '{"colors":["Blue","Green","Green","Red","Green"],"first_choice":"LEGO blocks","second_choice":"Building sets"}', '2024-08-07'),
(349, 196, '{"colors":["Yellow","White"],"first_choice":"Barbie dolls","second_choice":"Play-Doh"}', '2024-04-16'),
(350, 145, '{"colors":["Black","Yellow","Black"],"first_choice":"Action figures","second_choice":"Rubiks cubes"}', '2024-12-13'),
(351, 488, '{"colors":["Orange","Green"],"first_choice":"Toy trains","second_choice":"Action figures"}', '2024-04-03'),
(352, 251, '{"colors":["White","White","Red"],"first_choice":"Yo-yos","second_choice":"Play-Doh"}', '2024-10-01'),
(353, 912, '{"colors":["Blue","White","Purple","Red","Purple"],"first_choice":"Jigsaw puzzles","second_choice":"Action figures"}', '2024-06-15'),
(354, 807, '{"colors":["Blue","Red","Yellow"],"first_choice":"Barbie dolls","second_choice":"Toy kitchen sets"}', '2024-09-02'),
(355, 552, '{"colors":["Purple","Black"],"first_choice":"Toy trains","second_choice":"Stuffed animals"}', '2024-03-28'),
(356, 250, '{"colors":["Pink","Pink","Yellow","Red","White"],"first_choice":"Toy trucks","second_choice":"Barbie dolls"}', '2024-06-18'),
(357, 399, '{"colors":["Brown"],"first_choice":"Remote control cars","second_choice":"Hula hoops"}', '2024-03-02'),
(358, 780, '{"colors":["Pink","Orange"],"first_choice":"Barbie dolls","second_choice":"Rubiks cubes"}', '2024-08-22'),
(359, 184, '{"colors":["Pink"],"first_choice":"Rubiks cubes","second_choice":"Toy musical instruments"}', '2024-01-04'),
(360, 137, '{"colors":["Green","Purple","Purple"],"first_choice":"Toy kitchen sets","second_choice":"Rubiks cubes"}', '2024-12-19'),
(361, 491, '{"colors":["Orange","Blue","Red","Pink"],"first_choice":"Barbie dolls","second_choice":"Jump ropes"}', '2024-10-01'),
(362, 477, '{"colors":["Pink","White"],"first_choice":"Toy musical instruments","second_choice":"Barbie dolls"}', '2024-12-08'),
(363, 362, '{"colors":["Green","Red","Purple","Red"],"first_choice":"Rubiks cubes","second_choice":"Building sets"}', '2024-11-03'),
(364, 23, '{"colors":["Brown","Purple","Pink","Blue","Orange"],"first_choice":"Play-Doh","second_choice":"Toy kitchen sets"}', '2024-02-08'),
(365, 281, '{"colors":["Yellow","Pink","Black","Blue"],"first_choice":"Rubiks cubes","second_choice":"Remote control cars"}', '2024-01-15'),
(366, 161, '{"colors":["White","Purple"],"first_choice":"Rubiks cubes","second_choice":"Board games"}', '2024-01-27'),
(367, 194, '{"colors":["Brown"],"first_choice":"Toy trains","second_choice":"Remote control cars"}', '2024-06-26'),
(368, 959, '{"colors":["Yellow","Black","Orange","Blue","Brown"],"first_choice":"Yo-yos","second_choice":"Stuffed animals"}', '2024-09-25'),
(369, 950, '{"colors":["Yellow","White","Yellow","Brown"],"first_choice":"Barbie dolls","second_choice":"Rubiks cubes"}', '2024-12-18'),
(370, 71, '{"colors":["Green","Green"],"first_choice":"Hula hoops","second_choice":"Stuffed animals"}', '2024-04-17'),
(371, 365, '{"colors":["Black","Green","White","Orange"],"first_choice":"Building blocks","second_choice":"Building blocks"}', '2024-11-15'),
(372, 59, '{"colors":["White","Yellow"],"first_choice":"Dollhouses","second_choice":"Toy trains"}', '2024-12-23'),
(373, 514, '{"colors":["Blue","White","Red","Orange"],"first_choice":"Building sets","second_choice":"Toy trains"}', '2024-05-27'),
(374, 295, '{"colors":["Orange","Brown","Blue"],"first_choice":"Teddy bears","second_choice":"Jump ropes"}', '2024-02-12'),
(375, 450, '{"colors":["Brown","Blue"],"first_choice":"Toy trucks","second_choice":"Board games"}', '2024-04-25'),
(376, 116, '{"colors":["Purple","White","Pink","Purple"],"first_choice":"Jump ropes","second_choice":"Toy trucks"}', '2024-09-02'),
(377, 793, '{"colors":["White","Red"],"first_choice":"Hula hoops","second_choice":"Barbie dolls"}', '2024-12-16'),
(378, 143, '{"colors":["Pink"],"first_choice":"Teddy bears","second_choice":"Toy trains"}', '2024-05-25'),
(379, 167, '{"colors":["Red","Brown","Pink","Purple","Purple"],"first_choice":"Dollhouses","second_choice":"Building blocks"}', '2024-02-21'),
(380, 919, '{"colors":["Pink"],"first_choice":"Teddy bears","second_choice":"Barbie dolls"}', '2024-05-07'),
(381, 932, '{"colors":["Brown","Pink","White","Blue"],"first_choice":"Hula hoops","second_choice":"Building sets"}', '2024-07-27'),
(382, 712, '{"colors":["Purple","Purple","Orange","White"],"first_choice":"Yo-yos","second_choice":"Toy trucks"}', '2024-11-18'),
(383, 375, '{"colors":["Black","Yellow"],"first_choice":"Barbie dolls","second_choice":"Teddy bears"}', '2024-06-13'),
(384, 165, '{"colors":["Black","Pink"],"first_choice":"Jump ropes","second_choice":"Teddy bears"}', '2024-05-31'),
(385, 432, '{"colors":["Green"],"first_choice":"Barbie dolls","second_choice":"Jump ropes"}', '2024-03-15'),
(386, 615, '{"colors":["Blue","White","Blue","Red","Purple"],"first_choice":"Jump ropes","second_choice":"Dollhouses"}', '2024-03-21'),
(387, 567, '{"colors":["Pink"],"first_choice":"Toy trains","second_choice":"Barbie dolls"}', '2024-08-10'),
(388, 3, '{"colors":["White","Purple"],"first_choice":"Yo-yos","second_choice":"Building sets"}', '2024-04-21'),
(389, 184, '{"colors":["Black","White","Red","White"],"first_choice":"Toy trucks","second_choice":"Rubiks cubes"}', '2024-02-24'),
(390, 78, '{"colors":["Orange","Pink","Green","White"],"first_choice":"Toy kitchen sets","second_choice":"Toy trains"}', '2024-07-29'),
(391, 297, '{"colors":["Blue"],"first_choice":"Stuffed animals","second_choice":"Barbie dolls"}', '2024-09-06'),
(392, 529, '{"colors":["Green","Purple","Orange","Blue","Green"],"first_choice":"Play-Doh","second_choice":"Yo-yos"}', '2024-09-08'),
(393, 614, '{"colors":["Purple"],"first_choice":"Toy musical instruments","second_choice":"Building sets"}', '2024-09-01'),
(394, 454, '{"colors":["Purple"],"first_choice":"Action figures","second_choice":"Jigsaw puzzles"}', '2024-11-01'),
(395, 494, '{"colors":["Yellow","Blue","Yellow","Yellow"],"first_choice":"Toy trains","second_choice":"Jigsaw puzzles"}', '2024-01-23'),
(396, 83, '{"colors":["Pink","Black","Orange"],"first_choice":"Toy musical instruments","second_choice":"Remote control cars"}', '2024-10-25'),
(397, 651, '{"colors":["Brown"],"first_choice":"Yo-yos","second_choice":"Play-Doh"}', '2024-08-19'),
(398, 231, '{"colors":["Orange","Purple"],"first_choice":"Toy kitchen sets","second_choice":"Rubiks cubes"}', '2024-09-18'),
(399, 799, '{"colors":["Red","Blue","Black"],"first_choice":"Action figures","second_choice":"Board games"}', '2024-04-30'),
(400, 866, '{"colors":["Orange","Blue","Yellow","Pink","Yellow"],"first_choice":"Barbie dolls","second_choice":"Toy kitchen sets"}', '2024-08-25'),
(401, 174, '{"colors":["Red","Blue","Orange","Purple"],"first_choice":"Barbie dolls","second_choice":"Hula hoops"}', '2024-01-24'),
(402, 517, '{"colors":["Pink","Pink","Green","White"],"first_choice":"Toy kitchen sets","second_choice":"Toy kitchen sets"}', '2024-12-03'),
(403, 806, '{"colors":["Pink"],"first_choice":"Stuffed animals","second_choice":"Play-Doh"}', '2024-07-19'),
(404, 860, '{"colors":["Orange"],"first_choice":"Toy kitchen sets","second_choice":"Building sets"}', '2024-03-23'),
(405, 113, '{"colors":["Orange","Black","Purple","Blue","Orange"],"first_choice":"Building sets","second_choice":"Toy trucks"}', '2024-07-12'),
(406, 835, '{"colors":["Pink","Orange","Brown","Brown","Black"],"first_choice":"Dollhouses","second_choice":"Play-Doh"}', '2024-08-17'),
(407, 996, '{"colors":["Blue","Black","Green","Black","Green"],"first_choice":"Stuffed animals","second_choice":"LEGO blocks"}', '2024-06-13'),
(408, 340, '{"colors":["Black"],"first_choice":"Action figures","second_choice":"Building sets"}', '2024-02-09'),
(409, 276, '{"colors":["Green","Pink","White"],"first_choice":"Building sets","second_choice":"Dollhouses"}', '2024-03-14'),
(410, 180, '{"colors":["Blue","Orange","Yellow","Orange"],"first_choice":"Rubiks cubes","second_choice":"LEGO blocks"}', '2024-10-12'),
(411, 736, '{"colors":["Pink","Green","White","Purple"],"first_choice":"LEGO blocks","second_choice":"Action figures"}', '2024-03-21'),
(412, 815, '{"colors":["Red","Green","Brown"],"first_choice":"Rubiks cubes","second_choice":"Toy trains"}', '2024-07-14'),
(413, 617, '{"colors":["Orange","Red","Green","Black"],"first_choice":"LEGO blocks","second_choice":"Toy musical instruments"}', '2024-06-09'),
(414, 510, '{"colors":["Green","Green","Yellow","Brown","White"],"first_choice":"Building blocks","second_choice":"Toy kitchen sets"}', '2024-12-20'),
(415, 599, '{"colors":["Purple","Red","Brown","Blue"],"first_choice":"Play-Doh","second_choice":"Teddy bears"}', '2024-04-09'),
(416, 887, '{"colors":["White","Orange"],"first_choice":"Toy kitchen sets","second_choice":"Action figures"}', '2024-10-13'),
(417, 234, '{"colors":["Black","Blue"],"first_choice":"Jigsaw puzzles","second_choice":"Dollhouses"}', '2024-02-29'),
(418, 388, '{"colors":["White","White","Brown","Blue","White"],"first_choice":"Teddy bears","second_choice":"Stuffed animals"}', '2024-10-11'),
(419, 540, '{"colors":["White","Green"],"first_choice":"Jigsaw puzzles","second_choice":"Board games"}', '2024-01-14'),
(420, 714, '{"colors":["Brown"],"first_choice":"Stuffed animals","second_choice":"Remote control cars"}', '2024-10-23'),
(421, 815, '{"colors":["White"],"first_choice":"Action figures","second_choice":"Jigsaw puzzles"}', '2024-08-19'),
(422, 104, '{"colors":["Orange"],"first_choice":"Jump ropes","second_choice":"Yo-yos"}', '2024-08-08'),
(423, 316, '{"colors":["Purple","Purple","Black"],"first_choice":"Building sets","second_choice":"Toy trucks"}', '2024-03-09'),
(424, 191, '{"colors":["Brown"],"first_choice":"Jigsaw puzzles","second_choice":"Hula hoops"}', '2024-04-05'),
(425, 792, '{"colors":["White","Yellow","Black","Orange","Brown"],"first_choice":"Rubiks cubes","second_choice":"Play-Doh"}', '2024-03-24'),
(426, 930, '{"colors":["Black","Pink","Yellow","Pink"],"first_choice":"Rubiks cubes","second_choice":"Jump ropes"}', '2024-07-11'),
(427, 301, '{"colors":["Red","Purple","Purple","Orange"],"first_choice":"Action figures","second_choice":"Toy trucks"}', '2024-01-26'),
(428, 180, '{"colors":["Blue"],"first_choice":"Yo-yos","second_choice":"Remote control cars"}', '2024-07-07'),
(429, 852, '{"colors":["Blue"],"first_choice":"Toy trucks","second_choice":"Toy musical instruments"}', '2024-11-22'),
(430, 280, '{"colors":["Brown","Yellow","Pink"],"first_choice":"LEGO blocks","second_choice":"Yo-yos"}', '2024-03-13'),
(431, 940, '{"colors":["Green"],"first_choice":"LEGO blocks","second_choice":"Rubiks cubes"}', '2024-03-06'),
(432, 129, '{"colors":["Pink","Red"],"first_choice":"Jump ropes","second_choice":"Stuffed animals"}', '2024-01-01'),
(433, 650, '{"colors":["Purple","Red","Black"],"first_choice":"LEGO blocks","second_choice":"Action figures"}', '2024-10-26'),
(434, 312, '{"colors":["Pink","Black","Blue"],"first_choice":"Yo-yos","second_choice":"Remote control cars"}', '2024-04-29'),
(435, 69, '{"colors":["Black","Pink","Black"],"first_choice":"Toy trucks","second_choice":"LEGO blocks"}', '2024-10-31'),
(436, 689, '{"colors":["White","Orange","Black","Red"],"first_choice":"Dollhouses","second_choice":"Remote control cars"}', '2024-10-09'),
(437, 110, '{"colors":["Green","Green","Blue"],"first_choice":"Teddy bears","second_choice":"Jump ropes"}', '2024-01-17'),
(438, 309, '{"colors":["Black","Pink","Brown","Black","Blue"],"first_choice":"Toy trains","second_choice":"Action figures"}', '2024-05-22'),
(439, 51, '{"colors":["Blue","Yellow"],"first_choice":"Yo-yos","second_choice":"Jigsaw puzzles"}', '2024-08-06'),
(440, 786, '{"colors":["Yellow","Yellow","Red","Purple"],"first_choice":"Barbie dolls","second_choice":"Toy trains"}', '2024-03-15'),
(441, 966, '{"colors":["Brown","Brown","Yellow","Brown"],"first_choice":"Action figures","second_choice":"Yo-yos"}', '2024-12-05'),
(442, 549, '{"colors":["White","Pink","Red","Black","Yellow"],"first_choice":"Building blocks","second_choice":"LEGO blocks"}', '2024-02-13'),
(443, 758, '{"colors":["Purple"],"first_choice":"Jigsaw puzzles","second_choice":"Yo-yos"}', '2024-01-18'),
(444, 957, '{"colors":["Yellow","Red","Orange"],"first_choice":"Stuffed animals","second_choice":"Yo-yos"}', '2024-11-01'),
(445, 218, '{"colors":["White","Purple"],"first_choice":"Stuffed animals","second_choice":"Barbie dolls"}', '2024-07-08'),
(446, 861, '{"colors":["Green","Pink"],"first_choice":"Dollhouses","second_choice":"Building sets"}', '2024-08-03'),
(447, 912, '{"colors":["Blue"],"first_choice":"Barbie dolls","second_choice":"Hula hoops"}', '2024-12-20'),
(448, 105, '{"colors":["Orange","Orange","Red","Orange","White"],"first_choice":"Barbie dolls","second_choice":"Jump ropes"}', '2024-03-14'),
(449, 255, '{"colors":["Blue","Pink","Blue","Black","Yellow"],"first_choice":"Building sets","second_choice":"Toy trucks"}', '2024-07-26'),
(450, 674, '{"colors":["Pink","Brown","Pink","Brown"],"first_choice":"Yo-yos","second_choice":"Teddy bears"}', '2024-04-19'),
(451, 25, '{"colors":["White","Orange","Orange","Black","Green"],"first_choice":"Building sets","second_choice":"Toy trains"}', '2024-11-06'),
(452, 374, '{"colors":["Yellow"],"first_choice":"Toy trucks","second_choice":"Jigsaw puzzles"}', '2024-02-02'),
(453, 918, '{"colors":["Green","Blue"],"first_choice":"LEGO blocks","second_choice":"Play-Doh"}', '2024-06-26'),
(454, 342, '{"colors":["Pink","Orange","Purple","Yellow"],"first_choice":"Building sets","second_choice":"Toy musical instruments"}', '2024-04-07'),
(455, 40, '{"colors":["Orange","Blue"],"first_choice":"Jump ropes","second_choice":"Action figures"}', '2024-04-28'),
(456, 738, '{"colors":["Red"],"first_choice":"Action figures","second_choice":"Yo-yos"}', '2024-05-29'),
(457, 786, '{"colors":["Green"],"first_choice":"Toy trucks","second_choice":"Toy trucks"}', '2024-08-05'),
(458, 660, '{"colors":["Purple","Pink","Orange"],"first_choice":"Hula hoops","second_choice":"Stuffed animals"}', '2024-09-22'),
(459, 362, '{"colors":["Blue","White","Red","Blue","Yellow"],"first_choice":"Toy trucks","second_choice":"Jigsaw puzzles"}', '2024-04-18'),
(460, 442, '{"colors":["White","Blue"],"first_choice":"Rubiks cubes","second_choice":"Remote control cars"}', '2024-06-24'),
(461, 327, '{"colors":["Yellow","Green","Orange","White"],"first_choice":"Jigsaw puzzles","second_choice":"Stuffed animals"}', '2024-04-08'),
(462, 80, '{"colors":["Black","Pink","Brown"],"first_choice":"Toy trains","second_choice":"Play-Doh"}', '2024-12-10'),
(463, 806, '{"colors":["Purple","Pink","Blue","Green","Green"],"first_choice":"Toy musical instruments","second_choice":"Building sets"}', '2024-06-06'),
(464, 870, '{"colors":["Yellow","Purple","Orange","White"],"first_choice":"Rubiks cubes","second_choice":"Stuffed animals"}', '2024-08-20'),
(465, 403, '{"colors":["Blue","Orange","Blue","Red"],"first_choice":"Toy trains","second_choice":"Toy trucks"}', '2024-08-29'),
(466, 85, '{"colors":["Blue","Orange","Brown","Pink","Red"],"first_choice":"Board games","second_choice":"Toy musical instruments"}', '2024-07-02'),
(467, 336, '{"colors":["Blue","Red"],"first_choice":"Action figures","second_choice":"Building blocks"}', '2024-10-11'),
(468, 209, '{"colors":["Green"],"first_choice":"Teddy bears","second_choice":"Play-Doh"}', '2024-12-23'),
(469, 155, '{"colors":["Brown","Purple","Blue","Yellow","Green"],"first_choice":"Yo-yos","second_choice":"Jigsaw puzzles"}', '2024-07-14'),
(470, 820, '{"colors":["Blue","Green","Orange"],"first_choice":"Jump ropes","second_choice":"Teddy bears"}', '2024-09-28'),
(471, 797, '{"colors":["Green","Purple","Red"],"first_choice":"Toy kitchen sets","second_choice":"Jump ropes"}', '2024-01-13'),
(472, 810, '{"colors":["Yellow","Brown"],"first_choice":"Building blocks","second_choice":"Teddy bears"}', '2024-05-03'),
(473, 371, '{"colors":["Brown"],"first_choice":"Toy kitchen sets","second_choice":"Jigsaw puzzles"}', '2024-04-15'),
(474, 238, '{"colors":["White"],"first_choice":"Barbie dolls","second_choice":"Toy trains"}', '2024-08-31'),
(475, 151, '{"colors":["Black","Pink","Black"],"first_choice":"Board games","second_choice":"Toy musical instruments"}', '2024-06-07'),
(476, 222, '{"colors":["Brown"],"first_choice":"LEGO blocks","second_choice":"Rubiks cubes"}', '2024-09-25'),
(477, 46, '{"colors":["Orange"],"first_choice":"Yo-yos","second_choice":"LEGO blocks"}', '2024-11-22'),
(478, 2, '{"colors":["Green","Orange","Pink","Black"],"first_choice":"Stuffed animals","second_choice":"Toy trucks"}', '2024-05-23'),
(479, 442, '{"colors":["Pink"],"first_choice":"Play-Doh","second_choice":"Stuffed animals"}', '2024-01-31'),
(480, 246, '{"colors":["Pink"],"first_choice":"Play-Doh","second_choice":"Toy musical instruments"}', '2024-08-10'),
(481, 732, '{"colors":["Brown","Red","Green","Yellow"],"first_choice":"Barbie dolls","second_choice":"Board games"}', '2024-09-26'),
(482, 163, '{"colors":["Brown","Brown","White","Red"],"first_choice":"Building sets","second_choice":"Hula hoops"}', '2024-07-22'),
(483, 392, '{"colors":["Pink","Purple","Purple"],"first_choice":"Teddy bears","second_choice":"Barbie dolls"}', '2024-05-18'),
(484, 423, '{"colors":["Brown","Blue","White","Blue","Pink"],"first_choice":"Toy kitchen sets","second_choice":"Action figures"}', '2024-10-27'),
(485, 957, '{"colors":["Black","Pink","Blue","Pink","Pink"],"first_choice":"Board games","second_choice":"Stuffed animals"}', '2024-06-26'),
(486, 715, '{"colors":["Pink","Black","Purple","Blue","Red"],"first_choice":"Toy kitchen sets","second_choice":"LEGO blocks"}', '2024-11-17'),
(487, 819, '{"colors":["Red","Orange"],"first_choice":"Stuffed animals","second_choice":"Play-Doh"}', '2024-10-23'),
(488, 828, '{"colors":["Purple","White","Green","Yellow"],"first_choice":"Toy trains","second_choice":"Stuffed animals"}', '2024-04-27'),
(489, 917, '{"colors":["Brown","Blue"],"first_choice":"Building sets","second_choice":"Dollhouses"}', '2024-12-16'),
(490, 830, '{"colors":["Orange"],"first_choice":"Toy trucks","second_choice":"Toy trucks"}', '2024-01-15'),
(491, 907, '{"colors":["Pink","Brown","White","Orange","Green"],"first_choice":"Dollhouses","second_choice":"Teddy bears"}', '2024-02-23'),
(492, 54, '{"colors":["Pink"],"first_choice":"LEGO blocks","second_choice":"Rubiks cubes"}', '2024-07-30'),
(493, 458, '{"colors":["Green","Red"],"first_choice":"Rubiks cubes","second_choice":"Yo-yos"}', '2024-01-14'),
(494, 348, '{"colors":["Purple","Blue","Pink","Red"],"first_choice":"Toy musical instruments","second_choice":"Jigsaw puzzles"}', '2024-01-20'),
(495, 837, '{"colors":["Purple","Yellow","Pink","Blue","Purple"],"first_choice":"Hula hoops","second_choice":"Teddy bears"}', '2024-11-17'),
(496, 936, '{"colors":["Brown","Yellow","Brown","Brown"],"first_choice":"Toy trucks","second_choice":"Yo-yos"}', '2024-03-26'),
(497, 508, '{"colors":["Yellow","Yellow","Yellow"],"first_choice":"Toy trains","second_choice":"Rubiks cubes"}', '2024-10-27'),
(498, 569, '{"colors":["Yellow"],"first_choice":"Hula hoops","second_choice":"Stuffed animals"}', '2024-06-16'),
(499, 748, '{"colors":["Green","Brown"],"first_choice":"Hula hoops","second_choice":"Play-Doh"}', '2024-06-13'),
(500, 388, '{"colors":["Brown","White","Green"],"first_choice":"Remote control cars","second_choice":"Barbie dolls"}', '2024-04-27'),
(501, 987, '{"colors":["Green","Red"],"first_choice":"Play-Doh","second_choice":"LEGO blocks"}', '2024-01-28'),
(502, 178, '{"colors":["Blue"],"first_choice":"Barbie dolls","second_choice":"LEGO blocks"}', '2024-08-25'),
(503, 507, '{"colors":["Black"],"first_choice":"Barbie dolls","second_choice":"Rubiks cubes"}', '2024-01-11'),
(504, 186, '{"colors":["Blue","Red"],"first_choice":"Rubiks cubes","second_choice":"LEGO blocks"}', '2024-01-07'),
(505, 860, '{"colors":["Black"],"first_choice":"Hula hoops","second_choice":"Hula hoops"}', '2024-01-27'),
(506, 970, '{"colors":["Pink","Pink","Orange","Purple"],"first_choice":"Barbie dolls","second_choice":"Jump ropes"}', '2024-03-08'),
(507, 538, '{"colors":["Black","Orange","Pink"],"first_choice":"Toy trucks","second_choice":"Remote control cars"}', '2024-05-12'),
(508, 983, '{"colors":["Red"],"first_choice":"Rubiks cubes","second_choice":"Teddy bears"}', '2024-06-12'),
(509, 537, '{"colors":["Yellow","Yellow"],"first_choice":"Toy kitchen sets","second_choice":"Barbie dolls"}', '2024-07-28'),
(510, 677, '{"colors":["Orange"],"first_choice":"Building sets","second_choice":"Building blocks"}', '2024-10-12'),
(511, 274, '{"colors":["Green","Orange","Pink","Yellow","Orange"],"first_choice":"Toy trucks","second_choice":"Board games"}', '2024-12-13'),
(512, 596, '{"colors":["Yellow","Purple","Blue","Pink","White"],"first_choice":"Dollhouses","second_choice":"Rubiks cubes"}', '2024-12-12'),
(513, 822, '{"colors":["Red","Blue","Brown","Brown","Black"],"first_choice":"Building blocks","second_choice":"Building blocks"}', '2024-10-10'),
(514, 314, '{"colors":["Red","Yellow","Pink","Pink","White"],"first_choice":"Action figures","second_choice":"Jigsaw puzzles"}', '2024-07-10'),
(515, 603, '{"colors":["Brown"],"first_choice":"Play-Doh","second_choice":"Action figures"}', '2024-10-02'),
(516, 463, '{"colors":["Orange","Brown","White"],"first_choice":"Toy musical instruments","second_choice":"Hula hoops"}', '2024-12-05'),
(517, 702, '{"colors":["Yellow","Yellow"],"first_choice":"Jigsaw puzzles","second_choice":"Building blocks"}', '2024-02-05'),
(518, 645, '{"colors":["Yellow","Purple"],"first_choice":"Toy musical instruments","second_choice":"Jump ropes"}', '2024-05-24'),
(519, 733, '{"colors":["White","Red"],"first_choice":"Action figures","second_choice":"Remote control cars"}', '2024-10-08'),
(520, 893, '{"colors":["Brown","Brown"],"first_choice":"Play-Doh","second_choice":"Toy trucks"}', '2024-05-16'),
(521, 568, '{"colors":["White","Green","Pink","Purple","Yellow"],"first_choice":"Jigsaw puzzles","second_choice":"Board games"}', '2024-06-27'),
(522, 492, '{"colors":["White"],"first_choice":"Yo-yos","second_choice":"Dollhouses"}', '2024-08-06'),
(523, 735, '{"colors":["White"],"first_choice":"Jigsaw puzzles","second_choice":"Hula hoops"}', '2024-11-25'),
(524, 535, '{"colors":["Pink","Red","Blue"],"first_choice":"Toy trucks","second_choice":"Toy trucks"}', '2024-12-17'),
(525, 429, '{"colors":["Red","Blue","Red","Brown","Purple"],"first_choice":"Toy trucks","second_choice":"Teddy bears"}', '2024-02-21'),
(526, 569, '{"colors":["Yellow","Orange","White","White"],"first_choice":"Toy trucks","second_choice":"Board games"}', '2024-10-12'),
(527, 533, '{"colors":["Orange","Green","Brown","White"],"first_choice":"Action figures","second_choice":"Building blocks"}', '2024-01-03'),
(528, 227, '{"colors":["Purple","Yellow","White","White","Purple"],"first_choice":"Action figures","second_choice":"Action figures"}', '2024-09-24'),
(529, 210, '{"colors":["Purple","Purple","Blue","Purple","Blue"],"first_choice":"Remote control cars","second_choice":"Toy musical instruments"}', '2024-07-01'),
(530, 516, '{"colors":["Green"],"first_choice":"Action figures","second_choice":"Teddy bears"}', '2024-03-13'),
(531, 783, '{"colors":["Black"],"first_choice":"Toy musical instruments","second_choice":"Action figures"}', '2024-01-20'),
(532, 300, '{"colors":["Blue","Orange","Purple","Yellow"],"first_choice":"Hula hoops","second_choice":"Barbie dolls"}', '2024-09-02'),
(533, 786, '{"colors":["Brown","Black","Yellow","Orange"],"first_choice":"Remote control cars","second_choice":"Jump ropes"}', '2024-09-16'),
(534, 925, '{"colors":["Black","Yellow","White","Green"],"first_choice":"Building sets","second_choice":"Hula hoops"}', '2024-01-12'),
(535, 616, '{"colors":["Yellow","Black"],"first_choice":"Play-Doh","second_choice":"Yo-yos"}', '2024-04-19'),
(536, 842, '{"colors":["White","White"],"first_choice":"Building sets","second_choice":"Jigsaw puzzles"}', '2024-07-30'),
(537, 680, '{"colors":["Red"],"first_choice":"Teddy bears","second_choice":"Building blocks"}', '2024-05-16'),
(538, 974, '{"colors":["Pink","Black","Brown","Blue"],"first_choice":"Building sets","second_choice":"Toy musical instruments"}', '2024-09-12'),
(539, 340, '{"colors":["White","Brown","Blue","Yellow","Black"],"first_choice":"Jump ropes","second_choice":"Building blocks"}', '2024-08-10'),
(540, 348, '{"colors":["Pink"],"first_choice":"Board games","second_choice":"Remote control cars"}', '2024-06-29'),
(541, 104, '{"colors":["White","Purple","Black"],"first_choice":"Play-Doh","second_choice":"Toy trucks"}', '2024-10-06'),
(542, 631, '{"colors":["Red"],"first_choice":"Toy trucks","second_choice":"Toy trains"}', '2024-08-25'),
(543, 631, '{"colors":["Yellow","Blue","Green"],"first_choice":"Board games","second_choice":"Dollhouses"}', '2024-09-18'),
(544, 248, '{"colors":["Green","Brown"],"first_choice":"Stuffed animals","second_choice":"Board games"}', '2024-02-08'),
(545, 275, '{"colors":["Pink","Pink","Green","Brown"],"first_choice":"Yo-yos","second_choice":"Barbie dolls"}', '2024-11-21'),
(546, 622, '{"colors":["White","Red"],"first_choice":"Action figures","second_choice":"Jump ropes"}', '2024-12-17'),
(547, 269, '{"colors":["Yellow","Orange","Orange","Blue"],"first_choice":"Hula hoops","second_choice":"LEGO blocks"}', '2024-04-17'),
(548, 579, '{"colors":["Pink","Black"],"first_choice":"Toy trucks","second_choice":"Board games"}', '2024-03-17'),
(549, 915, '{"colors":["White","Purple"],"first_choice":"Building blocks","second_choice":"Building blocks"}', '2024-10-16'),
(550, 144, '{"colors":["Orange","Brown","Brown","Brown"],"first_choice":"Action figures","second_choice":"Board games"}', '2024-10-09'),
(551, 823, '{"colors":["Pink","White","Orange"],"first_choice":"Jump ropes","second_choice":"Board games"}', '2024-02-02'),
(552, 454, '{"colors":["Yellow","Yellow","Orange","White","Black"],"first_choice":"Jump ropes","second_choice":"Stuffed animals"}', '2024-05-28'),
(553, 758, '{"colors":["Pink","Brown"],"first_choice":"Toy musical instruments","second_choice":"Play-Doh"}', '2024-05-13'),
(554, 575, '{"colors":["Purple","Black","Blue","Orange","Black"],"first_choice":"Jigsaw puzzles","second_choice":"Yo-yos"}', '2024-04-15'),
(555, 744, '{"colors":["Orange","Purple","Black","Orange","Blue"],"first_choice":"Toy musical instruments","second_choice":"Jigsaw puzzles"}', '2024-04-28'),
(556, 683, '{"colors":["Orange","Yellow","Blue"],"first_choice":"Rubiks cubes","second_choice":"Stuffed animals"}', '2024-12-22'),
(557, 217, '{"colors":["Purple","Orange","Red","Pink"],"first_choice":"Jump ropes","second_choice":"Remote control cars"}', '2024-10-03'),
(558, 493, '{"colors":["Pink","Yellow","Red"],"first_choice":"Remote control cars","second_choice":"Play-Doh"}', '2024-03-16'),
(559, 205, '{"colors":["Orange","Blue","Orange","Black","Pink"],"first_choice":"Rubiks cubes","second_choice":"Toy kitchen sets"}', '2024-10-15'),
(560, 319, '{"colors":["Yellow","Brown"],"first_choice":"Building sets","second_choice":"Play-Doh"}', '2024-07-08'),
(561, 401, '{"colors":["Yellow"],"first_choice":"Teddy bears","second_choice":"Building sets"}', '2024-09-18'),
(562, 668, '{"colors":["Green","Purple"],"first_choice":"Board games","second_choice":"Toy trains"}', '2024-01-30'),
(563, 389, '{"colors":["Orange","White","Orange","Green","Black"],"first_choice":"Toy trains","second_choice":"Rubiks cubes"}', '2024-07-26'),
(564, 974, '{"colors":["White","Black","Green","Green","Pink"],"first_choice":"Action figures","second_choice":"Remote control cars"}', '2024-07-20'),
(565, 795, '{"colors":["Pink","Black","Pink","Pink"],"first_choice":"Play-Doh","second_choice":"Barbie dolls"}', '2024-04-29'),
(566, 998, '{"colors":["Yellow","Pink"],"first_choice":"Remote control cars","second_choice":"Dollhouses"}', '2024-09-24'),
(567, 56, '{"colors":["Pink","Black","Blue"],"first_choice":"Toy musical instruments","second_choice":"Yo-yos"}', '2024-09-22'),
(568, 259, '{"colors":["Brown","Yellow"],"first_choice":"Rubiks cubes","second_choice":"Hula hoops"}', '2024-07-03'),
(569, 169, '{"colors":["Red","Blue"],"first_choice":"Teddy bears","second_choice":"Play-Doh"}', '2024-02-27'),
(570, 63, '{"colors":["Pink","Orange","Red","Green","Pink"],"first_choice":"Play-Doh","second_choice":"Board games"}', '2024-01-19'),
(571, 226, '{"colors":["Red"],"first_choice":"Rubiks cubes","second_choice":"Building sets"}', '2024-03-16'),
(572, 688, '{"colors":["Orange","Brown","Purple","Red","Pink"],"first_choice":"Dollhouses","second_choice":"Jump ropes"}', '2024-02-16'),
(573, 211, '{"colors":["Green"],"first_choice":"Building blocks","second_choice":"Dollhouses"}', '2024-07-14'),
(574, 298, '{"colors":["Black","Blue"],"first_choice":"LEGO blocks","second_choice":"Remote control cars"}', '2024-03-18'),
(575, 774, '{"colors":["Green","Brown","Green"],"first_choice":"Barbie dolls","second_choice":"Board games"}', '2024-11-16'),
(576, 897, '{"colors":["Blue","Purple","Green"],"first_choice":"Barbie dolls","second_choice":"Dollhouses"}', '2024-11-17'),
(577, 632, '{"colors":["White","Yellow","Pink","Green"],"first_choice":"Yo-yos","second_choice":"Board games"}', '2024-07-05'),
(578, 541, '{"colors":["Orange"],"first_choice":"Toy trucks","second_choice":"Barbie dolls"}', '2024-03-04'),
(579, 628, '{"colors":["Purple"],"first_choice":"Toy kitchen sets","second_choice":"Building blocks"}', '2024-07-04'),
(580, 122, '{"colors":["White"],"first_choice":"Action figures","second_choice":"Rubiks cubes"}', '2024-09-24'),
(581, 925, '{"colors":["Red","Red","Red","White"],"first_choice":"Play-Doh","second_choice":"Jigsaw puzzles"}', '2024-01-07'),
(582, 403, '{"colors":["Red","Black","Orange","Green"],"first_choice":"Rubiks cubes","second_choice":"Toy musical instruments"}', '2024-06-23'),
(583, 819, '{"colors":["Brown","Black"],"first_choice":"Stuffed animals","second_choice":"Jigsaw puzzles"}', '2024-08-05'),
(584, 924, '{"colors":["Red","Pink","Green"],"first_choice":"Toy musical instruments","second_choice":"Hula hoops"}', '2024-07-22'),
(585, 174, '{"colors":["Green","Brown","Yellow","Pink"],"first_choice":"Hula hoops","second_choice":"Yo-yos"}', '2024-11-15'),
(586, 606, '{"colors":["Green","Blue","Orange","Black"],"first_choice":"Toy kitchen sets","second_choice":"Building blocks"}', '2024-02-13'),
(587, 928, '{"colors":["Black"],"first_choice":"Building blocks","second_choice":"Teddy bears"}', '2024-02-11'),
(588, 215, '{"colors":["Orange","Black","Green","Orange","White"],"first_choice":"Play-Doh","second_choice":"Toy musical instruments"}', '2024-09-25'),
(589, 805, '{"colors":["Red","Purple","Brown"],"first_choice":"Dollhouses","second_choice":"Dollhouses"}', '2024-11-29'),
(590, 11, '{"colors":["Yellow","Blue","Red"],"first_choice":"Action figures","second_choice":"Jump ropes"}', '2024-02-05'),
(591, 14, '{"colors":["Yellow","Brown","Yellow"],"first_choice":"Stuffed animals","second_choice":"Teddy bears"}', '2024-08-31'),
(592, 896, '{"colors":["Green","Pink"],"first_choice":"Jump ropes","second_choice":"Stuffed animals"}', '2024-04-09'),
(593, 791, '{"colors":["Orange","Brown"],"first_choice":"Toy trains","second_choice":"Jigsaw puzzles"}', '2024-02-22'),
(594, 380, '{"colors":["Blue"],"first_choice":"Jigsaw puzzles","second_choice":"Building blocks"}', '2024-04-03'),
(595, 418, '{"colors":["White","Blue","Blue"],"first_choice":"Action figures","second_choice":"Jigsaw puzzles"}', '2024-11-25'),
(596, 526, '{"colors":["Green","Brown","Red","Pink"],"first_choice":"Barbie dolls","second_choice":"Jigsaw puzzles"}', '2024-10-25'),
(597, 385, '{"colors":["Green","Black","Brown","Yellow","Orange"],"first_choice":"Barbie dolls","second_choice":"Teddy bears"}', '2024-08-14'),
(598, 341, '{"colors":["Blue","Red","Pink","White"],"first_choice":"Hula hoops","second_choice":"Toy musical instruments"}', '2024-11-01'),
(599, 441, '{"colors":["Black","Orange","Green"],"first_choice":"Action figures","second_choice":"Action figures"}', '2024-11-22'),
(600, 260, '{"colors":["Orange","Blue","White","Green","Orange"],"first_choice":"LEGO blocks","second_choice":"Building blocks"}', '2024-01-23'),
(601, 706, '{"colors":["White"],"first_choice":"Toy kitchen sets","second_choice":"Toy musical instruments"}', '2024-12-05'),
(602, 197, '{"colors":["Pink","Blue"],"first_choice":"Board games","second_choice":"Barbie dolls"}', '2024-10-18'),
(603, 32, '{"colors":["Black","Pink","Pink"],"first_choice":"LEGO blocks","second_choice":"Hula hoops"}', '2024-07-22'),
(604, 423, '{"colors":["Orange","Brown","Brown","Red"],"first_choice":"Dollhouses","second_choice":"Remote control cars"}', '2024-08-03'),
(605, 753, '{"colors":["Red","Black","Brown","Purple","Green"],"first_choice":"LEGO blocks","second_choice":"Remote control cars"}', '2024-12-09'),
(606, 671, '{"colors":["Orange","Brown"],"first_choice":"Dollhouses","second_choice":"Rubiks cubes"}', '2024-05-05'),
(607, 936, '{"colors":["Yellow","Blue","Pink"],"first_choice":"Toy trucks","second_choice":"Toy trucks"}', '2024-03-11'),
(608, 852, '{"colors":["Yellow","Orange"],"first_choice":"Jump ropes","second_choice":"Toy trains"}', '2024-12-03'),
(609, 531, '{"colors":["Pink","Green","White","Pink","Black"],"first_choice":"Toy kitchen sets","second_choice":"Hula hoops"}', '2024-05-19'),
(610, 294, '{"colors":["Purple","Brown"],"first_choice":"Building sets","second_choice":"Yo-yos"}', '2024-11-29'),
(611, 963, '{"colors":["Purple","Black"],"first_choice":"Hula hoops","second_choice":"Action figures"}', '2024-09-21'),
(612, 218, '{"colors":["Pink","Blue"],"first_choice":"Rubiks cubes","second_choice":"Rubiks cubes"}', '2024-07-21'),
(613, 50, '{"colors":["Red","Purple"],"first_choice":"Building sets","second_choice":"Remote control cars"}', '2024-06-06'),
(614, 668, '{"colors":["Blue"],"first_choice":"Building sets","second_choice":"LEGO blocks"}', '2024-11-17'),
(615, 616, '{"colors":["Purple","Yellow","Black"],"first_choice":"Play-Doh","second_choice":"Barbie dolls"}', '2024-07-09'),
(616, 951, '{"colors":["Purple","Pink","Purple","White","Red"],"first_choice":"Play-Doh","second_choice":"Jigsaw puzzles"}', '2024-07-13'),
(617, 28, '{"colors":["Green","Blue","Red","Black"],"first_choice":"LEGO blocks","second_choice":"Board games"}', '2024-03-14'),
(618, 65, '{"colors":["Red","Black"],"first_choice":"Barbie dolls","second_choice":"Teddy bears"}', '2024-01-07'),
(619, 496, '{"colors":["White","Red","Brown","Orange","White"],"first_choice":"Dollhouses","second_choice":"Play-Doh"}', '2024-11-19'),
(620, 84, '{"colors":["White","Pink"],"first_choice":"Play-Doh","second_choice":"Toy trains"}', '2024-02-22'),
(621, 715, '{"colors":["Pink"],"first_choice":"Toy trains","second_choice":"Stuffed animals"}', '2024-08-25'),
(622, 718, '{"colors":["Purple"],"first_choice":"Action figures","second_choice":"Jigsaw puzzles"}', '2024-12-02'),
(623, 777, '{"colors":["Brown","Orange","Brown","Pink"],"first_choice":"Rubiks cubes","second_choice":"Jump ropes"}', '2024-09-17'),
(624, 505, '{"colors":["Purple","Purple"],"first_choice":"Hula hoops","second_choice":"Building sets"}', '2024-12-05'),
(625, 465, '{"colors":["Black","Brown","White","Pink"],"first_choice":"Remote control cars","second_choice":"Building sets"}', '2024-09-04'),
(626, 172, '{"colors":["Purple","Orange","Red"],"first_choice":"LEGO blocks","second_choice":"Remote control cars"}', '2024-11-16'),
(627, 222, '{"colors":["Pink","Red","Green"],"first_choice":"Barbie dolls","second_choice":"Jump ropes"}', '2024-08-19'),
(628, 743, '{"colors":["Green","Purple","Purple","Orange"],"first_choice":"Building blocks","second_choice":"Building sets"}', '2024-05-15'),
(629, 54, '{"colors":["Purple","Blue","Red"],"first_choice":"Toy musical instruments","second_choice":"Toy trains"}', '2024-05-02'),
(630, 569, '{"colors":["Pink","Blue","Purple"],"first_choice":"Jump ropes","second_choice":"Play-Doh"}', '2024-04-02'),
(631, 74, '{"colors":["Black","Red","Black","Red","Red"],"first_choice":"Yo-yos","second_choice":"Stuffed animals"}', '2024-02-02'),
(632, 476, '{"colors":["Pink"],"first_choice":"Board games","second_choice":"Building blocks"}', '2024-06-27'),
(633, 751, '{"colors":["Blue","Pink","Green"],"first_choice":"Action figures","second_choice":"Play-Doh"}', '2024-01-05'),
(634, 702, '{"colors":["Yellow","Green"],"first_choice":"Hula hoops","second_choice":"Play-Doh"}', '2024-10-12'),
(635, 223, '{"colors":["Pink","Pink","White","Purple"],"first_choice":"Play-Doh","second_choice":"Barbie dolls"}', '2024-10-21'),
(636, 88, '{"colors":["Red"],"first_choice":"Rubiks cubes","second_choice":"Toy trucks"}', '2024-10-01'),
(637, 523, '{"colors":["Black","Green","White","Yellow","Black"],"first_choice":"Jump ropes","second_choice":"LEGO blocks"}', '2024-07-05'),
(638, 438, '{"colors":["Brown","Pink"],"first_choice":"Toy musical instruments","second_choice":"LEGO blocks"}', '2024-07-26'),
(639, 187, '{"colors":["White","Blue","Yellow","Red"],"first_choice":"Stuffed animals","second_choice":"Rubiks cubes"}', '2024-06-18'),
(640, 973, '{"colors":["Orange","Blue","White","White"],"first_choice":"Barbie dolls","second_choice":"Play-Doh"}', '2024-08-10'),
(641, 187, '{"colors":["Brown","White","Orange","Black"],"first_choice":"Toy musical instruments","second_choice":"Toy musical instruments"}', '2024-07-24'),
(642, 995, '{"colors":["Purple","White","Purple"],"first_choice":"Play-Doh","second_choice":"Action figures"}', '2024-01-25'),
(643, 755, '{"colors":["Purple"],"first_choice":"Toy musical instruments","second_choice":"Toy kitchen sets"}', '2024-09-14'),
(644, 917, '{"colors":["Red","Black","Purple","Brown","Blue"],"first_choice":"Action figures","second_choice":"Barbie dolls"}', '2024-02-13'),
(645, 933, '{"colors":["Black","Pink","Black","Pink","Orange"],"first_choice":"Toy trucks","second_choice":"Board games"}', '2024-11-19'),
(646, 830, '{"colors":["Blue","White","Blue","Brown"],"first_choice":"Barbie dolls","second_choice":"Action figures"}', '2024-02-27'),
(647, 306, '{"colors":["Pink","Green"],"first_choice":"Hula hoops","second_choice":"Barbie dolls"}', '2024-01-10'),
(648, 399, '{"colors":["Blue"],"first_choice":"Building blocks","second_choice":"Toy trucks"}', '2024-12-14'),
(649, 356, '{"colors":["Yellow","Purple","Yellow"],"first_choice":"Rubiks cubes","second_choice":"Toy kitchen sets"}', '2024-02-07'),
(650, 62, '{"colors":["Green"],"first_choice":"Action figures","second_choice":"Teddy bears"}', '2024-07-19'),
(651, 490, '{"colors":["Brown","White","Purple"],"first_choice":"Rubiks cubes","second_choice":"Dollhouses"}', '2024-08-16'),
(652, 638, '{"colors":["Pink","Orange","Red","Purple"],"first_choice":"Toy musical instruments","second_choice":"Barbie dolls"}', '2024-08-01'),
(653, 324, '{"colors":["Yellow","Red"],"first_choice":"Barbie dolls","second_choice":"Play-Doh"}', '2024-12-12'),
(654, 124, '{"colors":["Orange","Purple","Blue","Brown","Purple"],"first_choice":"Rubiks cubes","second_choice":"Remote control cars"}', '2024-07-09'),
(655, 30, '{"colors":["Green","Orange","Red","Pink","Purple"],"first_choice":"Remote control cars","second_choice":"Remote control cars"}', '2024-04-17'),
(656, 793, '{"colors":["Purple","Pink","Brown","Orange"],"first_choice":"Rubiks cubes","second_choice":"Board games"}', '2024-02-22'),
(657, 721, '{"colors":["Black","Yellow","Orange","Black","Orange"],"first_choice":"Stuffed animals","second_choice":"Play-Doh"}', '2024-09-02'),
(658, 992, '{"colors":["Yellow"],"first_choice":"Yo-yos","second_choice":"Yo-yos"}', '2024-02-21'),
(659, 459, '{"colors":["Yellow","White","Black","Green","Pink"],"first_choice":"Stuffed animals","second_choice":"Stuffed animals"}', '2024-05-11'),
(660, 74, '{"colors":["Pink","Blue","Green","Brown","White"],"first_choice":"Jump ropes","second_choice":"Stuffed animals"}', '2024-06-02'),
(661, 765, '{"colors":["White","Pink"],"first_choice":"Toy trains","second_choice":"Remote control cars"}', '2024-08-11'),
(662, 78, '{"colors":["Orange","Yellow"],"first_choice":"Jigsaw puzzles","second_choice":"Hula hoops"}', '2024-04-03'),
(663, 515, '{"colors":["Pink","Pink"],"first_choice":"Toy trains","second_choice":"Toy trains"}', '2024-01-21'),
(664, 577, '{"colors":["Green","Black","Red","Yellow","Purple"],"first_choice":"Stuffed animals","second_choice":"Toy musical instruments"}', '2024-01-29'),
(665, 894, '{"colors":["Purple","Purple","Black"],"first_choice":"Toy trucks","second_choice":"LEGO blocks"}', '2024-10-15'),
(666, 312, '{"colors":["Green"],"first_choice":"Rubiks cubes","second_choice":"Board games"}', '2024-02-06'),
(667, 550, '{"colors":["Purple"],"first_choice":"Jump ropes","second_choice":"Dollhouses"}', '2024-07-16'),
(668, 597, '{"colors":["Yellow"],"first_choice":"Toy musical instruments","second_choice":"Toy kitchen sets"}', '2024-01-24'),
(669, 746, '{"colors":["Brown","Purple","White","Pink"],"first_choice":"Toy trucks","second_choice":"Stuffed animals"}', '2024-02-01'),
(670, 672, '{"colors":["White","White","Red","Black","Blue"],"first_choice":"Jigsaw puzzles","second_choice":"Play-Doh"}', '2024-02-08'),
(671, 71, '{"colors":["Black","Pink"],"first_choice":"Rubiks cubes","second_choice":"Toy trains"}', '2024-04-22'),
(672, 984, '{"colors":["White","Yellow","Red"],"first_choice":"Yo-yos","second_choice":"Yo-yos"}', '2024-08-21'),
(673, 466, '{"colors":["Purple","White","Black"],"first_choice":"Stuffed animals","second_choice":"LEGO blocks"}', '2024-05-09'),
(674, 869, '{"colors":["Yellow"],"first_choice":"Action figures","second_choice":"Remote control cars"}', '2024-09-23'),
(675, 354, '{"colors":["Green","Yellow","White","Green"],"first_choice":"Play-Doh","second_choice":"Rubiks cubes"}', '2024-01-20'),
(676, 283, '{"colors":["Orange","Pink","Red"],"first_choice":"Board games","second_choice":"Toy musical instruments"}', '2024-05-25'),
(677, 661, '{"colors":["Purple","Red","Purple","Purple","Purple"],"first_choice":"Teddy bears","second_choice":"Barbie dolls"}', '2024-04-27'),
(678, 822, '{"colors":["Pink"],"first_choice":"Jump ropes","second_choice":"Toy trains"}', '2024-06-01'),
(679, 782, '{"colors":["Black"],"first_choice":"Teddy bears","second_choice":"Toy trucks"}', '2024-06-12'),
(680, 410, '{"colors":["Red","Black","Black","Green","Blue"],"first_choice":"Jump ropes","second_choice":"Stuffed animals"}', '2024-02-18'),
(681, 104, '{"colors":["White","Green","White","Green","Yellow"],"first_choice":"Teddy bears","second_choice":"Hula hoops"}', '2024-11-26'),
(682, 323, '{"colors":["Black","Brown","Orange","Purple"],"first_choice":"Remote control cars","second_choice":"Teddy bears"}', '2024-07-24'),
(683, 739, '{"colors":["Blue"],"first_choice":"Building blocks","second_choice":"Yo-yos"}', '2024-02-23'),
(684, 627, '{"colors":["Orange"],"first_choice":"Barbie dolls","second_choice":"Dollhouses"}', '2024-09-19'),
(685, 15, '{"colors":["Orange","Purple","Yellow"],"first_choice":"Teddy bears","second_choice":"LEGO blocks"}', '2024-06-21'),
(686, 122, '{"colors":["White","Yellow"],"first_choice":"LEGO blocks","second_choice":"Jump ropes"}', '2024-11-17'),
(687, 450, '{"colors":["Green"],"first_choice":"Board games","second_choice":"Rubiks cubes"}', '2024-10-21'),
(688, 211, '{"colors":["Green","Orange","Orange"],"first_choice":"Yo-yos","second_choice":"Stuffed animals"}', '2024-09-02'),
(689, 348, '{"colors":["Red","Green","Purple","Blue"],"first_choice":"LEGO blocks","second_choice":"Play-Doh"}', '2024-09-24'),
(690, 60, '{"colors":["Red","Black","Yellow","Orange"],"first_choice":"Toy trucks","second_choice":"Play-Doh"}', '2024-05-19'),
(691, 796, '{"colors":["Yellow","White","Red","Orange"],"first_choice":"Teddy bears","second_choice":"Toy kitchen sets"}', '2024-08-03'),
(692, 602, '{"colors":["Red","Orange","Black","Orange"],"first_choice":"Board games","second_choice":"Play-Doh"}', '2024-11-03'),
(693, 430, '{"colors":["Pink","Yellow","Red","Red"],"first_choice":"Dollhouses","second_choice":"Stuffed animals"}', '2024-11-04'),
(694, 468, '{"colors":["White","Brown","Yellow","Blue"],"first_choice":"Remote control cars","second_choice":"Remote control cars"}', '2024-05-22'),
(695, 350, '{"colors":["Red","Yellow","Brown"],"first_choice":"Hula hoops","second_choice":"Jump ropes"}', '2024-09-16'),
(696, 730, '{"colors":["Pink"],"first_choice":"Dollhouses","second_choice":"Board games"}', '2024-03-10'),
(697, 977, '{"colors":["Yellow","Brown","Orange","Purple"],"first_choice":"Hula hoops","second_choice":"Toy kitchen sets"}', '2024-03-02'),
(698, 153, '{"colors":["Black","Brown","Orange","Orange","Black"],"first_choice":"Hula hoops","second_choice":"Building sets"}', '2024-11-20'),
(699, 687, '{"colors":["White","Blue","Black","Purple"],"first_choice":"Toy trucks","second_choice":"Action figures"}', '2024-09-06'),
(700, 849, '{"colors":["Green","Purple","Yellow","Purple","Pink"],"first_choice":"Toy trains","second_choice":"Stuffed animals"}', '2024-03-10'),
(701, 980, '{"colors":["Green"],"first_choice":"Building sets","second_choice":"Toy musical instruments"}', '2024-06-03'),
(702, 653, '{"colors":["Pink","Orange"],"first_choice":"Dollhouses","second_choice":"Play-Doh"}', '2024-07-25'),
(703, 299, '{"colors":["Blue","Red","White","White","Green"],"first_choice":"Building sets","second_choice":"Yo-yos"}', '2024-02-20'),
(704, 259, '{"colors":["Yellow","Pink","Orange","Purple"],"first_choice":"Hula hoops","second_choice":"Jump ropes"}', '2024-03-31'),
(705, 255, '{"colors":["Blue","Purple","Orange"],"first_choice":"Jump ropes","second_choice":"Remote control cars"}', '2024-01-22'),
(706, 78, '{"colors":["Red"],"first_choice":"Toy musical instruments","second_choice":"Building sets"}', '2024-10-25'),
(707, 836, '{"colors":["Red","Blue","Purple","Purple","Pink"],"first_choice":"Jump ropes","second_choice":"Hula hoops"}', '2024-05-15'),
(708, 679, '{"colors":["Yellow"],"first_choice":"Jump ropes","second_choice":"Dollhouses"}', '2024-06-11'),
(709, 229, '{"colors":["Orange"],"first_choice":"Stuffed animals","second_choice":"Yo-yos"}', '2024-04-11'),
(710, 85, '{"colors":["Blue","Black"],"first_choice":"Stuffed animals","second_choice":"Rubiks cubes"}', '2024-04-23'),
(711, 763, '{"colors":["White"],"first_choice":"Remote control cars","second_choice":"Barbie dolls"}', '2024-10-17'),
(712, 108, '{"colors":["Blue","Purple","Yellow"],"first_choice":"Play-Doh","second_choice":"Dollhouses"}', '2024-11-22'),
(713, 646, '{"colors":["Yellow","Black","Orange","Pink"],"first_choice":"Toy trains","second_choice":"Board games"}', '2024-07-08'),
(714, 57, '{"colors":["Yellow","Pink","White","Orange","Black"],"first_choice":"Teddy bears","second_choice":"Building sets"}', '2024-01-23'),
(715, 592, '{"colors":["Purple","Blue"],"first_choice":"Toy trucks","second_choice":"Hula hoops"}', '2024-05-26'),
(716, 173, '{"colors":["Green","Brown","Brown"],"first_choice":"Toy trains","second_choice":"Play-Doh"}', '2024-07-16'),
(717, 620, '{"colors":["Black","Green","Black","Green"],"first_choice":"Building blocks","second_choice":"Barbie dolls"}', '2024-04-12'),
(718, 545, '{"colors":["Orange"],"first_choice":"Stuffed animals","second_choice":"Toy trucks"}', '2024-11-05'),
(719, 31, '{"colors":["Yellow","Brown","Black","White"],"first_choice":"Toy musical instruments","second_choice":"Jump ropes"}', '2024-06-02'),
(720, 131, '{"colors":["Brown","Red","Red","Black","Yellow"],"first_choice":"Toy kitchen sets","second_choice":"Action figures"}', '2024-10-28'),
(721, 972, '{"colors":["Blue","Red","Blue","Yellow","Blue"],"first_choice":"Barbie dolls","second_choice":"Jump ropes"}', '2024-06-18'),
(722, 96, '{"colors":["Green","Green","Brown","White"],"first_choice":"Hula hoops","second_choice":"Toy kitchen sets"}', '2024-02-04'),
(723, 997, '{"colors":["White","Red","Orange","Black"],"first_choice":"Play-Doh","second_choice":"Stuffed animals"}', '2024-04-16'),
(724, 144, '{"colors":["Yellow","White","Blue"],"first_choice":"Dollhouses","second_choice":"Barbie dolls"}', '2024-03-19'),
(725, 96, '{"colors":["Pink","Green","White","Yellow"],"first_choice":"Jigsaw puzzles","second_choice":"Board games"}', '2024-12-13'),
(726, 617, '{"colors":["Black","Red","Blue"],"first_choice":"Board games","second_choice":"Play-Doh"}', '2024-10-27'),
(727, 148, '{"colors":["Red","Green","Orange"],"first_choice":"Toy musical instruments","second_choice":"Jigsaw puzzles"}', '2024-09-07'),
(728, 405, '{"colors":["Black","Black","Yellow","Brown","Red"],"first_choice":"Dollhouses","second_choice":"Building blocks"}', '2024-03-20'),
(729, 583, '{"colors":["White","Yellow"],"first_choice":"Action figures","second_choice":"Jigsaw puzzles"}', '2024-01-01'),
(730, 664, '{"colors":["Black"],"first_choice":"Dollhouses","second_choice":"Toy kitchen sets"}', '2024-01-04'),
(731, 925, '{"colors":["White"],"first_choice":"Toy trains","second_choice":"Action figures"}', '2024-03-29'),
(732, 254, '{"colors":["Brown"],"first_choice":"Building blocks","second_choice":"Building blocks"}', '2024-08-23'),
(733, 318, '{"colors":["White","Purple","Black","Blue"],"first_choice":"Building sets","second_choice":"Board games"}', '2024-12-18'),
(734, 344, '{"colors":["White"],"first_choice":"Action figures","second_choice":"Barbie dolls"}', '2024-11-21'),
(735, 209, '{"colors":["White","Purple","Black"],"first_choice":"Rubiks cubes","second_choice":"Toy kitchen sets"}', '2024-03-04'),
(736, 337, '{"colors":["Blue","Black","Purple","Blue"],"first_choice":"Building sets","second_choice":"Building sets"}', '2024-08-30'),
(737, 962, '{"colors":["Pink","White","Yellow"],"first_choice":"Rubiks cubes","second_choice":"LEGO blocks"}', '2024-12-04'),
(738, 52, '{"colors":["Brown"],"first_choice":"Hula hoops","second_choice":"Remote control cars"}', '2024-09-24'),
(739, 651, '{"colors":["Yellow","Red"],"first_choice":"Hula hoops","second_choice":"Dollhouses"}', '2024-08-30'),
(740, 2, '{"colors":["Pink","Red","Blue"],"first_choice":"Jigsaw puzzles","second_choice":"Building sets"}', '2024-07-20'),
(741, 563, '{"colors":["Orange","White"],"first_choice":"Dollhouses","second_choice":"Play-Doh"}', '2024-04-18'),
(742, 990, '{"colors":["Brown","Green"],"first_choice":"Action figures","second_choice":"Board games"}', '2024-09-08'),
(743, 469, '{"colors":["Green"],"first_choice":"Jump ropes","second_choice":"Dollhouses"}', '2024-09-12'),
(744, 563, '{"colors":["Black","White","Pink","Blue","White"],"first_choice":"Hula hoops","second_choice":"Action figures"}', '2024-12-04'),
(745, 42, '{"colors":["Yellow","Black","White"],"first_choice":"Play-Doh","second_choice":"Barbie dolls"}', '2024-02-19'),
(746, 289, '{"colors":["Purple","Brown","Yellow"],"first_choice":"Toy trucks","second_choice":"Toy kitchen sets"}', '2024-07-27'),
(747, 741, '{"colors":["Brown","Purple","Blue","White"],"first_choice":"Dollhouses","second_choice":"Toy musical instruments"}', '2024-05-08'),
(748, 125, '{"colors":["Blue","Red","Pink","Black"],"first_choice":"Play-Doh","second_choice":"Barbie dolls"}', '2024-10-26'),
(749, 78, '{"colors":["Blue"],"first_choice":"Toy trucks","second_choice":"Jump ropes"}', '2024-05-20'),
(750, 902, '{"colors":["Yellow","Purple","Red"],"first_choice":"Hula hoops","second_choice":"Yo-yos"}', '2024-11-21'),
(751, 436, '{"colors":["Red","Blue","Pink","Pink","Black"],"first_choice":"Building blocks","second_choice":"Remote control cars"}', '2024-08-15'),
(752, 51, '{"colors":["White","Purple","Orange","White","Blue"],"first_choice":"Toy musical instruments","second_choice":"Toy trains"}', '2024-01-16'),
(753, 812, '{"colors":["Purple"],"first_choice":"Toy musical instruments","second_choice":"Teddy bears"}', '2024-05-16'),
(754, 183, '{"colors":["Pink","Red","Green"],"first_choice":"Stuffed animals","second_choice":"Building blocks"}', '2024-10-26'),
(755, 478, '{"colors":["Yellow","Pink","Brown","Green","Orange"],"first_choice":"Jump ropes","second_choice":"Rubiks cubes"}', '2024-04-18'),
(756, 278, '{"colors":["Green","Blue"],"first_choice":"Jump ropes","second_choice":"Action figures"}', '2024-01-02'),
(757, 797, '{"colors":["Green"],"first_choice":"Building sets","second_choice":"Building blocks"}', '2024-06-25'),
(758, 362, '{"colors":["Orange","White","Orange"],"first_choice":"Board games","second_choice":"Barbie dolls"}', '2024-12-04'),
(759, 620, '{"colors":["Brown","Brown","Red","Purple","Red"],"first_choice":"Building sets","second_choice":"Play-Doh"}', '2024-01-14'),
(760, 440, '{"colors":["Purple","Purple"],"first_choice":"Jigsaw puzzles","second_choice":"Hula hoops"}', '2024-05-21'),
(761, 441, '{"colors":["Red","Purple","Blue"],"first_choice":"Play-Doh","second_choice":"Building sets"}', '2024-08-04'),
(762, 731, '{"colors":["Pink","Pink","Brown"],"first_choice":"Building sets","second_choice":"Yo-yos"}', '2024-03-15'),
(763, 929, '{"colors":["Purple","Pink"],"first_choice":"Stuffed animals","second_choice":"Barbie dolls"}', '2024-09-26'),
(764, 357, '{"colors":["Pink","White","Purple"],"first_choice":"LEGO blocks","second_choice":"Yo-yos"}', '2024-09-14'),
(765, 873, '{"colors":["Orange"],"first_choice":"Building blocks","second_choice":"Toy trains"}', '2024-11-15'),
(766, 942, '{"colors":["Orange","Green","Blue","Purple"],"first_choice":"Dollhouses","second_choice":"Toy trucks"}', '2024-01-13'),
(767, 83, '{"colors":["Blue","Red","Pink","Orange","White"],"first_choice":"LEGO blocks","second_choice":"Jigsaw puzzles"}', '2024-03-30'),
(768, 12, '{"colors":["Brown","Red","Brown","Orange","Yellow"],"first_choice":"Building sets","second_choice":"Toy musical instruments"}', '2024-01-30'),
(769, 874, '{"colors":["Red","Green","White","Green"],"first_choice":"Toy kitchen sets","second_choice":"Remote control cars"}', '2024-11-18'),
(770, 963, '{"colors":["Brown","Blue","Blue","Brown","Orange"],"first_choice":"Jump ropes","second_choice":"Action figures"}', '2024-04-05'),
(771, 414, '{"colors":["Purple","Brown","Black","White"],"first_choice":"Teddy bears","second_choice":"Rubiks cubes"}', '2024-03-16'),
(772, 189, '{"colors":["Black","Blue","Green","Red","Purple"],"first_choice":"Building blocks","second_choice":"Jigsaw puzzles"}', '2024-02-05'),
(773, 521, '{"colors":["Orange","Purple","Green"],"first_choice":"Yo-yos","second_choice":"Remote control cars"}', '2024-07-08'),
(774, 273, '{"colors":["Yellow","White"],"first_choice":"Jigsaw puzzles","second_choice":"Toy trains"}', '2024-03-07'),
(775, 874, '{"colors":["Green","Blue","Pink","White"],"first_choice":"Jump ropes","second_choice":"Dollhouses"}', '2024-05-09'),
(776, 469, '{"colors":["Blue","Purple","Orange"],"first_choice":"Dollhouses","second_choice":"Toy trains"}', '2024-02-20'),
(777, 356, '{"colors":["Brown","Orange"],"first_choice":"LEGO blocks","second_choice":"Play-Doh"}', '2024-07-05'),
(778, 968, '{"colors":["White","Brown"],"first_choice":"Toy trucks","second_choice":"Stuffed animals"}', '2024-12-09'),
(779, 667, '{"colors":["White","Orange","White","White","White"],"first_choice":"Dollhouses","second_choice":"Barbie dolls"}', '2024-07-05'),
(780, 117, '{"colors":["Yellow","Green","Blue","Yellow","Purple"],"first_choice":"Jump ropes","second_choice":"Rubiks cubes"}', '2024-08-02'),
(781, 910, '{"colors":["Yellow","Red"],"first_choice":"Building blocks","second_choice":"Play-Doh"}', '2024-09-05'),
(782, 90, '{"colors":["White","White","Purple"],"first_choice":"Toy kitchen sets","second_choice":"Dollhouses"}', '2024-05-28'),
(783, 425, '{"colors":["Black","Brown","Yellow"],"first_choice":"Teddy bears","second_choice":"Stuffed animals"}', '2024-06-25'),
(784, 1, '{"colors":["Green","Blue","Orange","Red","Red"],"first_choice":"Building blocks","second_choice":"Barbie dolls"}', '2024-10-22'),
(785, 6, '{"colors":["Black","Orange","Orange","Black"],"first_choice":"Toy kitchen sets","second_choice":"Stuffed animals"}', '2024-01-16'),
(786, 152, '{"colors":["Red","Blue","Blue","Blue"],"first_choice":"Stuffed animals","second_choice":"Toy trains"}', '2024-05-04'),
(787, 323, '{"colors":["Green","Green"],"first_choice":"Building blocks","second_choice":"Rubiks cubes"}', '2024-08-14'),
(788, 907, '{"colors":["Red","Red","Pink"],"first_choice":"Teddy bears","second_choice":"Play-Doh"}', '2024-01-05'),
(789, 96, '{"colors":["Brown"],"first_choice":"Toy trucks","second_choice":"Stuffed animals"}', '2024-08-10'),
(790, 44, '{"colors":["White","Pink"],"first_choice":"Hula hoops","second_choice":"LEGO blocks"}', '2024-09-03'),
(791, 650, '{"colors":["Yellow"],"first_choice":"Toy musical instruments","second_choice":"Jump ropes"}', '2024-11-09'),
(792, 9, '{"colors":["Brown"],"first_choice":"Jigsaw puzzles","second_choice":"Toy trucks"}', '2024-02-09'),
(793, 80, '{"colors":["Blue","Purple","Brown","Green","Pink"],"first_choice":"Toy trains","second_choice":"Building sets"}', '2024-08-31'),
(794, 276, '{"colors":["Yellow"],"first_choice":"Board games","second_choice":"Hula hoops"}', '2024-11-02'),
(795, 644, '{"colors":["Black"],"first_choice":"Rubiks cubes","second_choice":"Stuffed animals"}', '2024-11-05'),
(796, 876, '{"colors":["Green","Brown","Blue"],"first_choice":"Jump ropes","second_choice":"Toy trucks"}', '2024-05-29'),
(797, 64, '{"colors":["Brown","Pink","Black"],"first_choice":"Building blocks","second_choice":"Yo-yos"}', '2024-02-04'),
(798, 539, '{"colors":["Pink"],"first_choice":"Toy kitchen sets","second_choice":"Teddy bears"}', '2024-04-24'),
(799, 753, '{"colors":["Red"],"first_choice":"Toy trucks","second_choice":"Rubiks cubes"}', '2024-07-12'),
(800, 664, '{"colors":["Orange","Black"],"first_choice":"Toy musical instruments","second_choice":"Yo-yos"}', '2024-01-15'),
(801, 862, '{"colors":["Pink","Red"],"first_choice":"Toy trains","second_choice":"Toy musical instruments"}', '2024-09-14'),
(802, 782, '{"colors":["Red","White"],"first_choice":"Stuffed animals","second_choice":"Barbie dolls"}', '2024-07-08'),
(803, 595, '{"colors":["Blue"],"first_choice":"Play-Doh","second_choice":"Toy kitchen sets"}', '2024-11-04'),
(804, 943, '{"colors":["Black"],"first_choice":"Teddy bears","second_choice":"Toy musical instruments"}', '2024-12-05'),
(805, 88, '{"colors":["Yellow","Blue","Purple","Black"],"first_choice":"Jigsaw puzzles","second_choice":"Board games"}', '2024-02-10'),
(806, 600, '{"colors":["Orange","Yellow","Blue","Black","White"],"first_choice":"Building blocks","second_choice":"Jump ropes"}', '2024-11-15'),
(807, 856, '{"colors":["Green","Purple"],"first_choice":"LEGO blocks","second_choice":"Remote control cars"}', '2024-03-04'),
(808, 387, '{"colors":["Blue","Purple"],"first_choice":"Building sets","second_choice":"Action figures"}', '2024-05-11'),
(809, 619, '{"colors":["White","Pink","Yellow","Yellow","Red"],"first_choice":"Toy trucks","second_choice":"Jigsaw puzzles"}', '2024-01-13'),
(810, 562, '{"colors":["Purple","Black"],"first_choice":"Teddy bears","second_choice":"Toy kitchen sets"}', '2024-04-23'),
(811, 332, '{"colors":["Purple","Blue","Yellow"],"first_choice":"Jigsaw puzzles","second_choice":"Action figures"}', '2024-01-30'),
(812, 168, '{"colors":["Orange","Black","Purple","Red"],"first_choice":"Rubiks cubes","second_choice":"Building sets"}', '2024-08-09'),
(813, 312, '{"colors":["Purple","Blue"],"first_choice":"Teddy bears","second_choice":"Play-Doh"}', '2024-12-17'),
(814, 316, '{"colors":["Blue","Green","Yellow","White"],"first_choice":"Rubiks cubes","second_choice":"Toy trains"}', '2024-10-02'),
(815, 566, '{"colors":["Red","Red","White","Blue","Green"],"first_choice":"Jigsaw puzzles","second_choice":"Stuffed animals"}', '2024-11-10'),
(816, 872, '{"colors":["Purple"],"first_choice":"Rubiks cubes","second_choice":"Jump ropes"}', '2024-10-29'),
(817, 202, '{"colors":["Yellow","Black","Brown","White"],"first_choice":"Play-Doh","second_choice":"Jigsaw puzzles"}', '2024-08-05'),
(818, 719, '{"colors":["White","Black"],"first_choice":"Jigsaw puzzles","second_choice":"LEGO blocks"}', '2024-08-03'),
(819, 911, '{"colors":["Green"],"first_choice":"Rubiks cubes","second_choice":"Remote control cars"}', '2024-08-06'),
(820, 961, '{"colors":["Orange","Yellow","Green","Yellow","Green"],"first_choice":"Toy musical instruments","second_choice":"Barbie dolls"}', '2024-02-04'),
(821, 668, '{"colors":["Pink","Yellow","Blue","White"],"first_choice":"Action figures","second_choice":"Jump ropes"}', '2024-08-27'),
(822, 1, '{"colors":["Purple","Yellow","Blue","Blue"],"first_choice":"Building sets","second_choice":"LEGO blocks"}', '2024-01-03'),
(823, 572, '{"colors":["Red","Green","Yellow","Green","Green"],"first_choice":"Building blocks","second_choice":"Dollhouses"}', '2024-02-14'),
(824, 143, '{"colors":["Blue","Yellow","Yellow","Pink"],"first_choice":"Board games","second_choice":"LEGO blocks"}', '2024-01-15'),
(825, 821, '{"colors":["Brown"],"first_choice":"Hula hoops","second_choice":"Board games"}', '2024-07-19'),
(826, 666, '{"colors":["Brown","Orange","Purple"],"first_choice":"Yo-yos","second_choice":"Toy kitchen sets"}', '2024-02-12'),
(827, 165, '{"colors":["Red","Black","Brown","Black"],"first_choice":"Toy trucks","second_choice":"Stuffed animals"}', '2024-01-31'),
(828, 906, '{"colors":["Brown","Purple","Brown"],"first_choice":"Jigsaw puzzles","second_choice":"Action figures"}', '2024-04-10'),
(829, 83, '{"colors":["Yellow","White","Brown"],"first_choice":"Toy kitchen sets","second_choice":"Toy kitchen sets"}', '2024-05-12'),
(830, 582, '{"colors":["Red","Purple","Yellow","Pink"],"first_choice":"Building sets","second_choice":"LEGO blocks"}', '2024-02-01'),
(831, 740, '{"colors":["Green","Green","White","Green","Yellow"],"first_choice":"Hula hoops","second_choice":"Board games"}', '2024-04-01'),
(832, 228, '{"colors":["Orange","Red"],"first_choice":"Building blocks","second_choice":"Toy musical instruments"}', '2024-10-11'),
(833, 179, '{"colors":["Green"],"first_choice":"Toy kitchen sets","second_choice":"Toy kitchen sets"}', '2024-01-02'),
(834, 991, '{"colors":["Orange","Brown","Red","Red","Green"],"first_choice":"Building sets","second_choice":"Remote control cars"}', '2024-07-02'),
(835, 525, '{"colors":["White","White","Red","Red"],"first_choice":"Stuffed animals","second_choice":"Teddy bears"}', '2024-09-08'),
(836, 251, '{"colors":["Brown","Brown","White","White"],"first_choice":"Remote control cars","second_choice":"Hula hoops"}', '2024-05-08'),
(837, 751, '{"colors":["White"],"first_choice":"Toy musical instruments","second_choice":"Stuffed animals"}', '2024-11-15'),
(838, 208, '{"colors":["Red","Brown","Red","Red"],"first_choice":"Jigsaw puzzles","second_choice":"Board games"}', '2024-11-13'),
(839, 304, '{"colors":["Red","Pink","Yellow","Blue","Orange"],"first_choice":"Toy kitchen sets","second_choice":"Jump ropes"}', '2024-03-04'),
(840, 606, '{"colors":["Purple","Orange","Red","Yellow"],"first_choice":"Building blocks","second_choice":"Play-Doh"}', '2024-07-27'),
(841, 783, '{"colors":["Yellow","White","Brown","Black"],"first_choice":"Board games","second_choice":"Barbie dolls"}', '2024-01-19'),
(842, 790, '{"colors":["Blue","Red","Yellow"],"first_choice":"Yo-yos","second_choice":"Barbie dolls"}', '2024-01-08'),
(843, 179, '{"colors":["Green","Green","Orange","Purple"],"first_choice":"Hula hoops","second_choice":"Toy kitchen sets"}', '2024-01-29'),
(844, 629, '{"colors":["Orange","Pink","Orange"],"first_choice":"Stuffed animals","second_choice":"Toy musical instruments"}', '2024-05-14'),
(845, 84, '{"colors":["Blue","Purple","Brown"],"first_choice":"Toy kitchen sets","second_choice":"Hula hoops"}', '2024-07-28'),
(846, 314, '{"colors":["Black","White","Orange","Black"],"first_choice":"LEGO blocks","second_choice":"Stuffed animals"}', '2024-05-11'),
(847, 784, '{"colors":["Brown","Black"],"first_choice":"Toy kitchen sets","second_choice":"Building blocks"}', '2024-12-20'),
(848, 850, '{"colors":["Blue","Brown","Orange"],"first_choice":"LEGO blocks","second_choice":"Action figures"}', '2024-09-22'),
(849, 231, '{"colors":["Pink","Blue"],"first_choice":"Toy kitchen sets","second_choice":"Stuffed animals"}', '2024-02-27'),
(850, 312, '{"colors":["Green","Purple","Orange","Red"],"first_choice":"Toy kitchen sets","second_choice":"LEGO blocks"}', '2024-08-27'),
(851, 313, '{"colors":["Purple","Yellow"],"first_choice":"Building sets","second_choice":"Jump ropes"}', '2024-08-16'),
(852, 324, '{"colors":["Green","Orange"],"first_choice":"Jump ropes","second_choice":"Teddy bears"}', '2024-02-25'),
(853, 149, '{"colors":["Orange","Yellow","Orange","Brown","Brown"],"first_choice":"Play-Doh","second_choice":"Jump ropes"}', '2024-05-26'),
(854, 70, '{"colors":["Yellow"],"first_choice":"Toy musical instruments","second_choice":"Stuffed animals"}', '2024-07-01'),
(855, 318, '{"colors":["Blue","Pink"],"first_choice":"Building sets","second_choice":"Building sets"}', '2024-03-08'),
(856, 571, '{"colors":["Blue"],"first_choice":"Jigsaw puzzles","second_choice":"Board games"}', '2024-05-08'),
(857, 223, '{"colors":["Pink","Green","Blue","Green","Purple"],"first_choice":"LEGO blocks","second_choice":"Yo-yos"}', '2024-10-28'),
(858, 245, '{"colors":["Red","Green","Orange","Green"],"first_choice":"Toy trucks","second_choice":"Jigsaw puzzles"}', '2024-01-07'),
(859, 139, '{"colors":["Red","Green"],"first_choice":"Rubiks cubes","second_choice":"LEGO blocks"}', '2024-12-16'),
(860, 754, '{"colors":["Orange","Pink","Orange","Purple","Orange"],"first_choice":"Building sets","second_choice":"Stuffed animals"}', '2024-02-15'),
(861, 757, '{"colors":["Black","Pink","White","Brown"],"first_choice":"Building sets","second_choice":"Teddy bears"}', '2024-04-14'),
(862, 251, '{"colors":["Yellow","Brown","Brown","Red","Red"],"first_choice":"Play-Doh","second_choice":"Jigsaw puzzles"}', '2024-09-27'),
(863, 67, '{"colors":["Orange"],"first_choice":"Hula hoops","second_choice":"Toy kitchen sets"}', '2024-09-16'),
(864, 740, '{"colors":["Green","Green","Orange"],"first_choice":"Dollhouses","second_choice":"Jump ropes"}', '2024-02-27'),
(865, 337, '{"colors":["Green","Brown"],"first_choice":"Building blocks","second_choice":"Board games"}', '2024-06-04'),
(866, 500, '{"colors":["Purple","White","Brown"],"first_choice":"Play-Doh","second_choice":"LEGO blocks"}', '2024-11-05'),
(867, 639, '{"colors":["Yellow","Brown","Black","Green"],"first_choice":"Yo-yos","second_choice":"Board games"}', '2024-11-26'),
(868, 280, '{"colors":["Green","Black","Green","White","Red"],"first_choice":"Toy musical instruments","second_choice":"Toy kitchen sets"}', '2024-04-12'),
(869, 670, '{"colors":["Brown"],"first_choice":"Toy trucks","second_choice":"Building sets"}', '2024-08-16'),
(870, 215, '{"colors":["Red","Purple","Purple"],"first_choice":"Jigsaw puzzles","second_choice":"Building sets"}', '2024-03-17'),
(871, 715, '{"colors":["Red","Pink","Green","Pink","Blue"],"first_choice":"Play-Doh","second_choice":"Jigsaw puzzles"}', '2024-03-15'),
(872, 864, '{"colors":["Yellow","Black","Pink","Black","Brown"],"first_choice":"Teddy bears","second_choice":"Rubiks cubes"}', '2024-04-19'),
(873, 703, '{"colors":["Pink","Pink"],"first_choice":"Jigsaw puzzles","second_choice":"Jump ropes"}', '2024-01-17'),
(874, 496, '{"colors":["Blue","Blue"],"first_choice":"Toy musical instruments","second_choice":"Jigsaw puzzles"}', '2024-06-03'),
(875, 314, '{"colors":["Orange","White","Purple","Yellow"],"first_choice":"Toy musical instruments","second_choice":"Building sets"}', '2024-08-27'),
(876, 960, '{"colors":["Green","Purple"],"first_choice":"Toy musical instruments","second_choice":"Jigsaw puzzles"}', '2024-06-17'),
(877, 161, '{"colors":["Pink","Green","Purple","Red"],"first_choice":"Barbie dolls","second_choice":"Rubiks cubes"}', '2024-09-08'),
(878, 361, '{"colors":["Brown"],"first_choice":"LEGO blocks","second_choice":"Toy trucks"}', '2024-05-02'),
(879, 167, '{"colors":["Blue","Blue"],"first_choice":"Toy musical instruments","second_choice":"Toy kitchen sets"}', '2024-03-17'),
(880, 289, '{"colors":["Black","Green","Blue"],"first_choice":"Play-Doh","second_choice":"Jigsaw puzzles"}', '2024-05-06'),
(881, 390, '{"colors":["Pink","Purple","White","Red","Brown"],"first_choice":"LEGO blocks","second_choice":"LEGO blocks"}', '2024-10-19'),
(882, 143, '{"colors":["Green"],"first_choice":"Toy trucks","second_choice":"LEGO blocks"}', '2024-07-26'),
(883, 139, '{"colors":["Blue","Pink","Purple","Green"],"first_choice":"Hula hoops","second_choice":"Yo-yos"}', '2024-02-12'),
(884, 21, '{"colors":["Yellow"],"first_choice":"Building sets","second_choice":"Play-Doh"}', '2024-11-03'),
(885, 301, '{"colors":["Green","Blue"],"first_choice":"Teddy bears","second_choice":"Building blocks"}', '2024-12-06'),
(886, 256, '{"colors":["Yellow","White","White","Purple"],"first_choice":"Toy trucks","second_choice":"Teddy bears"}', '2024-01-15'),
(887, 794, '{"colors":["Yellow","Red","Pink"],"first_choice":"Yo-yos","second_choice":"Jigsaw puzzles"}', '2024-04-09'),
(888, 250, '{"colors":["Brown","White"],"first_choice":"Hula hoops","second_choice":"Building sets"}', '2024-02-05'),
(889, 855, '{"colors":["Red","Green"],"first_choice":"Jigsaw puzzles","second_choice":"LEGO blocks"}', '2024-08-27'),
(890, 290, '{"colors":["Orange"],"first_choice":"Stuffed animals","second_choice":"Toy trains"}', '2024-02-06'),
(891, 731, '{"colors":["Blue","Black","Orange","Blue"],"first_choice":"Dollhouses","second_choice":"Teddy bears"}', '2024-02-22'),
(892, 483, '{"colors":["Brown","Red","Orange","Orange","Brown"],"first_choice":"Dollhouses","second_choice":"Rubiks cubes"}', '2024-12-15'),
(893, 760, '{"colors":["Green","Red","Purple"],"first_choice":"Toy musical instruments","second_choice":"Yo-yos"}', '2024-04-10'),
(894, 171, '{"colors":["Brown"],"first_choice":"LEGO blocks","second_choice":"Jigsaw puzzles"}', '2024-03-11'),
(895, 340, '{"colors":["White","Black","White","Black"],"first_choice":"Building blocks","second_choice":"Toy kitchen sets"}', '2024-02-12'),
(896, 5, '{"colors":["Green","White","White","Green"],"first_choice":"Jigsaw puzzles","second_choice":"Toy kitchen sets"}', '2024-04-30'),
(897, 986, '{"colors":["Brown"],"first_choice":"Remote control cars","second_choice":"Dollhouses"}', '2024-01-30'),
(898, 908, '{"colors":["Red"],"first_choice":"Toy kitchen sets","second_choice":"Toy trains"}', '2024-06-20'),
(899, 750, '{"colors":["Red","Pink","Brown"],"first_choice":"Yo-yos","second_choice":"Barbie dolls"}', '2024-11-28'),
(900, 896, '{"colors":["Brown","Green","Blue"],"first_choice":"Jigsaw puzzles","second_choice":"Toy trains"}', '2024-05-21'),
(901, 317, '{"colors":["Red","Orange"],"first_choice":"Play-Doh","second_choice":"Building blocks"}', '2024-10-08'),
(902, 603, '{"colors":["Blue","Purple"],"first_choice":"Board games","second_choice":"Jump ropes"}', '2024-11-05'),
(903, 360, '{"colors":["Blue","Green","Green","Black","Pink"],"first_choice":"Toy trains","second_choice":"Toy trucks"}', '2024-05-13'),
(904, 157, '{"colors":["Orange","Green","Brown","Green"],"first_choice":"Toy trucks","second_choice":"Toy musical instruments"}', '2024-10-21'),
(905, 855, '{"colors":["Purple","Red","Black","Blue"],"first_choice":"Jigsaw puzzles","second_choice":"Remote control cars"}', '2024-11-08'),
(906, 102, '{"colors":["White"],"first_choice":"Yo-yos","second_choice":"Building blocks"}', '2024-10-16'),
(907, 459, '{"colors":["Black","Purple"],"first_choice":"Toy trains","second_choice":"Building sets"}', '2024-06-07'),
(908, 523, '{"colors":["Orange","Green","Orange","Blue"],"first_choice":"Rubiks cubes","second_choice":"Yo-yos"}', '2024-06-02'),
(909, 337, '{"colors":["Yellow","Black"],"first_choice":"Barbie dolls","second_choice":"Toy musical instruments"}', '2024-07-12'),
(910, 749, '{"colors":["Purple","Purple"],"first_choice":"Yo-yos","second_choice":"Board games"}', '2024-01-31'),
(911, 162, '{"colors":["Orange","Pink","White","Yellow","Orange"],"first_choice":"Hula hoops","second_choice":"Building blocks"}', '2024-10-25'),
(912, 866, '{"colors":["White","White","White","Purple"],"first_choice":"Action figures","second_choice":"Jigsaw puzzles"}', '2024-03-27'),
(913, 434, '{"colors":["Green"],"first_choice":"Board games","second_choice":"Rubiks cubes"}', '2024-07-22'),
(914, 342, '{"colors":["Red","Yellow","Red","Brown","Red"],"first_choice":"Jigsaw puzzles","second_choice":"Dollhouses"}', '2024-11-18'),
(915, 232, '{"colors":["Yellow","Black","Yellow","Blue"],"first_choice":"Toy trucks","second_choice":"Rubiks cubes"}', '2024-02-20'),
(916, 58, '{"colors":["Green","Purple","White"],"first_choice":"Teddy bears","second_choice":"Toy kitchen sets"}', '2024-06-08'),
(917, 896, '{"colors":["White","White","Blue"],"first_choice":"Building sets","second_choice":"Action figures"}', '2024-04-22'),
(918, 640, '{"colors":["Pink","White"],"first_choice":"Toy kitchen sets","second_choice":"Play-Doh"}', '2024-12-01'),
(919, 519, '{"colors":["Green","Brown","Red","Green","Purple"],"first_choice":"Toy trains","second_choice":"Toy trucks"}', '2024-12-19'),
(920, 455, '{"colors":["Blue","Pink","Blue","Purple"],"first_choice":"Hula hoops","second_choice":"Yo-yos"}', '2024-06-09'),
(921, 365, '{"colors":["Pink","Blue"],"first_choice":"Toy musical instruments","second_choice":"Action figures"}', '2024-09-02'),
(922, 914, '{"colors":["White","Pink","Brown","Green"],"first_choice":"Jump ropes","second_choice":"Remote control cars"}', '2024-06-09'),
(923, 322, '{"colors":["Purple"],"first_choice":"Toy kitchen sets","second_choice":"Board games"}', '2024-05-19'),
(924, 752, '{"colors":["White","Purple","Yellow","Purple","Blue"],"first_choice":"Stuffed animals","second_choice":"Jump ropes"}', '2024-03-30'),
(925, 566, '{"colors":["Pink","Black"],"first_choice":"Building sets","second_choice":"Play-Doh"}', '2024-06-17'),
(926, 335, '{"colors":["Orange","Blue","Brown"],"first_choice":"Stuffed animals","second_choice":"Building sets"}', '2024-03-24'),
(927, 15, '{"colors":["Green","Red","Orange","Purple","Orange"],"first_choice":"Hula hoops","second_choice":"Toy musical instruments"}', '2024-08-17'),
(928, 901, '{"colors":["Brown"],"first_choice":"Stuffed animals","second_choice":"Toy musical instruments"}', '2024-02-28'),
(929, 858, '{"colors":["Yellow","Red","Brown"],"first_choice":"Dollhouses","second_choice":"Play-Doh"}', '2024-10-03'),
(930, 940, '{"colors":["Pink","Brown","Black","Pink"],"first_choice":"Toy musical instruments","second_choice":"Jump ropes"}', '2024-06-20'),
(931, 995, '{"colors":["Brown","Pink"],"first_choice":"Stuffed animals","second_choice":"Toy kitchen sets"}', '2024-02-24'),
(932, 864, '{"colors":["Yellow","Pink","Yellow","White","Black"],"first_choice":"Toy trains","second_choice":"Yo-yos"}', '2024-12-04'),
(933, 105, '{"colors":["Brown","White","Yellow","Green"],"first_choice":"Building blocks","second_choice":"Dollhouses"}', '2024-02-26'),
(934, 515, '{"colors":["Blue","Purple","Pink","White","Orange"],"first_choice":"Yo-yos","second_choice":"Building blocks"}', '2024-09-12'),
(935, 652, '{"colors":["Black","White","Brown","Green"],"first_choice":"Toy musical instruments","second_choice":"Board games"}', '2024-03-20'),
(936, 628, '{"colors":["Pink"],"first_choice":"Building blocks","second_choice":"Jump ropes"}', '2024-04-13'),
(937, 538, '{"colors":["Pink"],"first_choice":"Toy trucks","second_choice":"Toy trucks"}', '2024-08-22'),
(938, 721, '{"colors":["Red","Pink","Yellow","Yellow"],"first_choice":"Yo-yos","second_choice":"Board games"}', '2024-10-19'),
(939, 41, '{"colors":["Yellow","Blue","White"],"first_choice":"Remote control cars","second_choice":"Jigsaw puzzles"}', '2024-02-03'),
(940, 519, '{"colors":["White","Black","Blue"],"first_choice":"Barbie dolls","second_choice":"Jigsaw puzzles"}', '2024-01-21'),
(941, 877, '{"colors":["Pink"],"first_choice":"Toy trains","second_choice":"Rubiks cubes"}', '2024-06-09'),
(942, 936, '{"colors":["Green","Green"],"first_choice":"Remote control cars","second_choice":"Yo-yos"}', '2024-10-10'),
(943, 591, '{"colors":["Orange"],"first_choice":"Hula hoops","second_choice":"Jigsaw puzzles"}', '2024-01-07'),
(944, 339, '{"colors":["Yellow"],"first_choice":"LEGO blocks","second_choice":"Toy trucks"}', '2024-05-28'),
(945, 122, '{"colors":["Blue","Black"],"first_choice":"Board games","second_choice":"Teddy bears"}', '2024-08-30'),
(946, 901, '{"colors":["White","Brown"],"first_choice":"Toy trains","second_choice":"Toy kitchen sets"}', '2024-08-27'),
(947, 576, '{"colors":["Black","Brown","Green","Pink","Black"],"first_choice":"Barbie dolls","second_choice":"Toy musical instruments"}', '2024-03-19'),
(948, 100, '{"colors":["Pink","Black","Blue","Orange","Orange"],"first_choice":"Stuffed animals","second_choice":"Rubiks cubes"}', '2024-11-13'),
(949, 984, '{"colors":["White","Yellow","Black","Brown"],"first_choice":"Teddy bears","second_choice":"LEGO blocks"}', '2024-01-10'),
(950, 624, '{"colors":["Yellow","Blue","Black","Red"],"first_choice":"Jigsaw puzzles","second_choice":"Dollhouses"}', '2024-07-01'),
(951, 318, '{"colors":["Green","Blue","Brown"],"first_choice":"Board games","second_choice":"LEGO blocks"}', '2024-04-10'),
(952, 897, '{"colors":["Red","Orange"],"first_choice":"Remote control cars","second_choice":"Building blocks"}', '2024-08-21'),
(953, 325, '{"colors":["White","Yellow","Yellow","Yellow","Pink"],"first_choice":"Play-Doh","second_choice":"Teddy bears"}', '2024-03-21'),
(954, 941, '{"colors":["Green","Green"],"first_choice":"Toy musical instruments","second_choice":"Play-Doh"}', '2024-03-21'),
(955, 459, '{"colors":["Orange"],"first_choice":"Building sets","second_choice":"Action figures"}', '2024-05-19'),
(956, 518, '{"colors":["Purple","Green","Black"],"first_choice":"Building sets","second_choice":"Yo-yos"}', '2024-08-05'),
(957, 186, '{"colors":["Green","Green"],"first_choice":"Toy trucks","second_choice":"Barbie dolls"}', '2024-03-07'),
(958, 618, '{"colors":["Orange"],"first_choice":"Rubiks cubes","second_choice":"Jump ropes"}', '2024-03-30'),
(959, 424, '{"colors":["White"],"first_choice":"Toy trains","second_choice":"Toy trucks"}', '2024-06-11'),
(960, 195, '{"colors":["Orange","Brown","Yellow","Blue","Red"],"first_choice":"Rubiks cubes","second_choice":"Building blocks"}', '2024-10-21'),
(961, 519, '{"colors":["Blue","Blue","Red","Yellow","Brown"],"first_choice":"LEGO blocks","second_choice":"Building sets"}', '2024-04-15'),
(962, 19, '{"colors":["Brown","White","Blue"],"first_choice":"Jump ropes","second_choice":"Dollhouses"}', '2024-04-09'),
(963, 314, '{"colors":["Black","Yellow","Purple","Blue"],"first_choice":"Board games","second_choice":"Toy musical instruments"}', '2024-07-22'),
(964, 64, '{"colors":["Red","Red","Blue","Black","Green"],"first_choice":"Toy trucks","second_choice":"Remote control cars"}', '2024-07-12'),
(965, 884, '{"colors":["Green","Brown","Green","Green","Blue"],"first_choice":"Yo-yos","second_choice":"Hula hoops"}', '2024-04-11'),
(966, 953, '{"colors":["Black","Orange","Pink"],"first_choice":"Hula hoops","second_choice":"Building blocks"}', '2024-10-27'),
(967, 839, '{"colors":["Blue","White","Pink"],"first_choice":"Toy kitchen sets","second_choice":"Dollhouses"}', '2024-07-11'),
(968, 139, '{"colors":["Blue","Black"],"first_choice":"Toy kitchen sets","second_choice":"Jigsaw puzzles"}', '2024-08-22'),
(969, 164, '{"colors":["Green","Pink"],"first_choice":"Building sets","second_choice":"Toy musical instruments"}', '2024-03-13'),
(970, 286, '{"colors":["Black","Pink","Brown","Brown"],"first_choice":"Play-Doh","second_choice":"Teddy bears"}', '2024-06-03'),
(971, 752, '{"colors":["Pink","Red","Red","Red","White"],"first_choice":"Toy trucks","second_choice":"Yo-yos"}', '2024-09-14'),
(972, 977, '{"colors":["Yellow"],"first_choice":"Toy musical instruments","second_choice":"Action figures"}', '2024-05-04'),
(973, 710, '{"colors":["Yellow","Pink","Yellow","Orange"],"first_choice":"Building sets","second_choice":"Action figures"}', '2024-01-07'),
(974, 615, '{"colors":["Red","Orange","Blue"],"first_choice":"Jigsaw puzzles","second_choice":"LEGO blocks"}', '2024-07-29'),
(975, 26, '{"colors":["Yellow","Yellow"],"first_choice":"Toy musical instruments","second_choice":"Jump ropes"}', '2024-01-27'),
(976, 530, '{"colors":["Purple","Brown","Brown","Orange"],"first_choice":"Barbie dolls","second_choice":"Rubiks cubes"}', '2024-04-12'),
(977, 7, '{"colors":["Yellow","Green","Blue","Black"],"first_choice":"Toy trucks","second_choice":"Toy kitchen sets"}', '2024-06-13'),
(978, 230, '{"colors":["Green","Blue","Blue","Brown"],"first_choice":"Rubiks cubes","second_choice":"LEGO blocks"}', '2024-01-11'),
(979, 77, '{"colors":["Blue","Yellow"],"first_choice":"LEGO blocks","second_choice":"Toy trucks"}', '2024-05-31'),
(980, 151, '{"colors":["White","Red","Orange","Blue"],"first_choice":"Remote control cars","second_choice":"Barbie dolls"}', '2024-10-22'),
(981, 264, '{"colors":["White"],"first_choice":"Remote control cars","second_choice":"Play-Doh"}', '2024-03-14'),
(982, 852, '{"colors":["Blue","Brown","Pink","Purple","Brown"],"first_choice":"Toy musical instruments","second_choice":"Toy musical instruments"}', '2024-09-25'),
(983, 692, '{"colors":["Yellow","Red","Red","Orange"],"first_choice":"Play-Doh","second_choice":"Barbie dolls"}', '2024-09-28'),
(984, 390, '{"colors":["Green","Green","Yellow","Red"],"first_choice":"Toy kitchen sets","second_choice":"Stuffed animals"}', '2024-10-21'),
(985, 137, '{"colors":["Blue","Green","Green"],"first_choice":"Toy musical instruments","second_choice":"Remote control cars"}', '2024-06-08'),
(986, 155, '{"colors":["Pink","Pink","Black"],"first_choice":"Building blocks","second_choice":"Toy trucks"}', '2024-05-17'),
(987, 266, '{"colors":["Pink"],"first_choice":"Action figures","second_choice":"Building sets"}', '2024-07-02'),
(988, 301, '{"colors":["Black","Brown","Red"],"first_choice":"LEGO blocks","second_choice":"LEGO blocks"}', '2024-11-11'),
(989, 657, '{"colors":["Brown","Pink"],"first_choice":"Toy trains","second_choice":"Play-Doh"}', '2024-09-05'),
(990, 869, '{"colors":["Purple","Orange","Brown","Yellow","Black"],"first_choice":"Dollhouses","second_choice":"Remote control cars"}', '2024-03-09'),
(991, 960, '{"colors":["Yellow","Yellow","Black","Pink"],"first_choice":"Hula hoops","second_choice":"Rubiks cubes"}', '2024-11-03'),
(992, 824, '{"colors":["Red","Orange","Brown"],"first_choice":"Building sets","second_choice":"Yo-yos"}', '2024-09-30'),
(993, 575, '{"colors":["Yellow","Purple","Yellow"],"first_choice":"Play-Doh","second_choice":"Stuffed animals"}', '2024-04-01'),
(994, 45, '{"colors":["White","Yellow","Red"],"first_choice":"Toy trucks","second_choice":"Remote control cars"}', '2024-01-31'),
(995, 445, '{"colors":["Red","Green","Orange","Black"],"first_choice":"Yo-yos","second_choice":"Building sets"}', '2024-02-03'),
(996, 19, '{"colors":["Yellow","Purple"],"first_choice":"Toy musical instruments","second_choice":"Toy musical instruments"}', '2024-07-19'),
(997, 416, '{"colors":["Orange","Black"],"first_choice":"Toy trains","second_choice":"Play-Doh"}', '2024-03-20'),
(998, 557, '{"colors":["Red","Red"],"first_choice":"LEGO blocks","second_choice":"Barbie dolls"}', '2024-08-26'),
(999, 764, '{"colors":["Green","Red","Brown","Red","Brown"],"first_choice":"Stuffed animals","second_choice":"Barbie dolls"}', '2024-05-09'),
(1000, 322, '{"colors":["Red","Red"],"first_choice":"Building sets","second_choice":"Toy trains"}', '2024-09-08');

INSERT INTO toy_catalogue VALUES
(1, 'LEGO blocks', 'educational', 3),
(2, 'Teddy bears', 'indoor', 4),
(3, 'Dollhouses', 'indoor', 5),
(4, 'Remote control cars', 'indoor_outdoor', 4),
(5, 'Action figures', 'indoor', 3),
(6, 'Jigsaw puzzles', 'educational', 2),
(7, 'Play-Doh', 'educational', 1),
(8, 'Building blocks', 'educational', 2),
(9, 'Toy trains', 'indoor', 3),
(10, 'Jump ropes', 'outdoor', 1),
(11, 'Board games', 'indoor', 3),
(12, 'Toy kitchen sets', 'indoor', 4),
(13, 'Stuffed animals', 'indoor', 3),
(14, 'Barbie dolls', 'indoor', 2),
(15, 'Yo-yos', 'indoor_outdoor', 1),
(16, 'Building sets', 'educational', 4),
(17, 'Toy trucks', 'indoor_outdoor', 2),
(18, 'Hula hoops', 'outdoor', 1),
(19, 'Rubiks cubes', 'educational', 3),
(20, 'Toy musical instruments', 'educational', 3);